card_id,set_code,name_jp,name_en,card_number,rarity,is_foil,is_signed,is_reprint,price_jpy,archetype,members
1,hBP01,天音かなた,Amane Kanata,hBP01-001,OSR,1,0,0,680,White,Amane Kanata
2,hBP01,天音かなた,Amane Kanata,hBP01-001,OUR,1,0,0,19800,White,Amane Kanata
3,hBP01,七詩ムメイ,Nanashi Mumei,hBP01-002,OSR,1,0,0,280,White,Nanashi Mumei
4,hBP01,七詩ムメイ,Nanashi Mumei,hBP01-002,OUR,1,0,0,17800,White,Nanashi Mumei
5,hBP01,アキ・ローゼンタール,Aki Rosenthal,hBP01-003,OSR,1,0,0,180,Green,Aki Rosenthal
6,hBP01,アキ・ローゼンタール,Aki Rosenthal,hBP01-003,OUR,1,0,0,5980,Green,Aki Rosenthal
7,hBP01,兎田ぺこら,Usada Pekora,hBP01-004,OSR,1,0,0,500,Green,Usada Pekora
8,hBP01,兎田ぺこら,Usada Pekora,hBP01-004,OUR,1,0,0,29800,Green,Usada Pekora
9,hBP01,鷹嶺ルイ,Takane Lui,hBP01-005,OSR,1,0,0,280,Red,Takane Lui
10,hBP01,鷹嶺ルイ,Takane Lui,hBP01-005,OUR,1,0,0,6980,Red,Takane Lui
11,hBP01,小鳥遊キアラ,Takanashi Kiara,hBP01-006,OSR,1,0,0,280,Red,Takanashi Kiara
12,hBP01,小鳥遊キアラ,Takanashi Kiara,hBP01-006,OUR,1,0,0,5980,Red,Takanashi Kiara
13,hBP01,小鳥遊キアラ,Takanashi Kiara,hBP01-006,SEC,1,1,0,19800,Red,Takanashi Kiara
14,hBP01,星街すいせい,Hoshimachi Suisei,hBP01-007,OSR,1,0,0,1780,Blue,Hoshimachi Suisei
15,hBP01,星街すいせい,Hoshimachi Suisei,hBP01-007,OUR,1,0,0,24800,Blue,Hoshimachi Suisei
16,hBP01,星街すいせい,Hoshimachi Suisei,hBP01-007,SEC,1,1,0,108000,Blue,Hoshimachi Suisei
17,hBP01,こぼ・かなえる,Kobo Kanaeru,hBP01-008,OSR,1,0,0,280,Blue,Kobo Kanaeru
18,hBP01,こぼ・かなえる,Kobo Kanaeru,hBP01-008,OUR,1,0,0,14800,Blue,Kobo Kanaeru
19,hBP01,天音かなた,Amane Kanata,hBP01-009,C,0,0,0,80,White,Amane Kanata
20,hBP01,天音かなた,Amane Kanata,hBP01-010,U,0,0,0,80,White,Amane Kanata
21,hBP01,天音かなた,Amane Kanata,hBP01-011,C,0,0,0,80,White,Amane Kanata
22,hBP01,天音かなた,Amane Kanata,hBP01-012,U,0,0,0,180,White,Amane Kanata
23,hBP01,天音かなた,Amane Kanata,hBP01-013,R,1,0,0,120,White,Amane Kanata
24,hBP01,天音かなた,Amane Kanata,hBP01-014,RR,1,0,0,220,White,Amane Kanata
25,hBP01,天音かなた,Amane Kanata,hBP01-014,UR,1,0,0,980,White,Amane Kanata
26,hBP01,七詩ムメイ,Nanashi Mumei,hBP01-015,C,0,0,0,80,White,Nanashi Mumei
27,hBP01,七詩ムメイ,Nanashi Mumei,hBP01-016,U,0,0,0,120,White,Nanashi Mumei
28,hBP01,七詩ムメイ,Nanashi Mumei,hBP01-017,C,0,0,0,80,White,Nanashi Mumei
29,hBP01,七詩ムメイ,Nanashi Mumei,hBP01-018,C,0,0,0,80,White,Nanashi Mumei
30,hBP01,七詩ムメイ,Nanashi Mumei,hBP01-019,U,0,0,0,180,White,Nanashi Mumei
31,hBP01,七詩ムメイ,Nanashi Mumei,hBP01-020,R,1,0,0,120,White,Nanashi Mumei
32,hBP01,ときのそら,Tokino Sora,hBP01-021,C,0,0,0,280,White,Tokino Sora
33,hBP01,ときのそら,Tokino Sora,hBP01-022,U,0,0,0,220,White,Tokino Sora
34,hBP01,ときのそら,Tokino Sora,hBP01-023,RR,1,0,0,180,White,Tokino Sora
35,hBP01,ときのそら,Tokino Sora,hBP01-023,UR,1,0,0,680,White,Tokino Sora
36,hBP01,ベスティア・ゼータ,Vestia Zeta,hBP01-024,C,0,0,0,180,White,Vestia Zeta
37,hBP01,ベスティア・ゼータ,Vestia Zeta,hBP01-025,C,0,0,0,50,White,Vestia Zeta
38,hBP01,ベスティア・ゼータ,Vestia Zeta,hBP01-026,U,0,0,0,180,White,Vestia Zeta
39,hBP01,ベスティア・ゼータ,Vestia Zeta,hBP01-027,RR,1,0,0,220,White,Vestia Zeta
40,hBP01,ベスティア・ゼータ,Vestia Zeta,hBP01-027,UR,1,0,0,580,White,Vestia Zeta
41,hBP01,IRyS,IRyS,hBP01-028,C,0,0,0,180,White,IRyS
42,hBP01,IRyS,IRyS,hBP01-029,C,0,0,0,80,White,IRyS
43,hBP01,IRyS,IRyS,hBP01-030,U,0,0,0,180,White,IRyS
44,hBP01,IRyS,IRyS,hBP01-031,R,1,0,0,180,White,IRyS
45,hBP01,アキ・ローゼンタール,Aki Rosenthal,hBP01-032,C,0,0,0,120,Green,Aki Rosenthal
46,hBP01,アキ・ローゼンタール,Aki Rosenthal,hBP01-033,U,0,0,0,50,Green,Aki Rosenthal
47,hBP01,アキ・ローゼンタール,Aki Rosenthal,hBP01-034,C,0,0,0,120,Green,Aki Rosenthal
48,hBP01,アキ・ローゼンタール,Aki Rosenthal,hBP01-035,C,0,0,0,120,Green,Aki Rosenthal
49,hBP01,アキ・ローゼンタール,Aki Rosenthal,hBP01-036,U,0,0,0,80,Green,Aki Rosenthal
50,hBP01,アキ・ローゼンタール,Aki Rosenthal,hBP01-037,R,1,0,0,120,Green,Aki Rosenthal
51,hBP01,兎田ぺこら,Usada Pekora,hBP01-038,C,0,0,0,180,Green,Usada Pekora
52,hBP01,兎田ぺこら,Usada Pekora,hBP01-039,U,0,0,0,180,Green,Usada Pekora
53,hBP01,兎田ぺこら,Usada Pekora,hBP01-040,C,0,0,0,50,Green,Usada Pekora
54,hBP01,兎田ぺこら,Usada Pekora,hBP01-041,U,0,0,0,180,Green,Usada Pekora
55,hBP01,兎田ぺこら,Usada Pekora,hBP01-042,R,1,0,0,180,Green,Usada Pekora
56,hBP01,兎田ぺこら,Usada Pekora,hBP01-043,RR,1,0,0,120,Green,Usada Pekora
57,hBP01,兎田ぺこら,Usada Pekora,hBP01-043,UR,1,0,0,580,Green,Usada Pekora
58,hBP01,AZKi,AZKi,hBP01-044,C,0,0,0,180,Green,AZKi
59,hBP01,AZKi,AZKi,hBP01-045,U,0,0,0,220,Green,AZKi
60,hBP01,AZKi,AZKi,hBP01-046,C,0,0,0,180,Green,AZKi
61,hBP01,AZKi,AZKi,hBP01-047,RR,1,0,0,180,Green,AZKi
62,hBP01,AZKi,AZKi,hBP01-047,UR,1,0,0,580,Green,AZKi
63,hBP01,風真いろは,Kazama Iroha,hBP01-048,C,0,0,0,120,Green,Kazama Iroha
64,hBP01,風真いろは,Kazama Iroha,hBP01-049,C,0,0,0,80,Green,Kazama Iroha
65,hBP01,風真いろは,Kazama Iroha,hBP01-050,U,0,0,0,120,Green,Kazama Iroha
66,hBP01,風真いろは,Kazama Iroha,hBP01-051,RR,1,0,0,180,Green,Kazama Iroha
67,hBP01,風真いろは,Kazama Iroha,hBP01-051,UR,1,0,0,580,Green,Kazama Iroha
68,hBP01,アイラニ・イオフィフティーン,Airani Iofifteen,hBP01-052,C,0,0,0,120,Green,Airani Iofifteen
69,hBP01,アイラニ・イオフィフティーン,Airani Iofifteen,hBP01-053,C,0,0,0,50,Green,Airani Iofifteen
70,hBP01,アイラニ・イオフィフティーン,Airani Iofifteen,hBP01-054,U,0,0,0,180,Green,Airani Iofifteen
71,hBP01,アイラニ・イオフィフティーン,Airani Iofifteen,hBP01-055,R,1,0,0,180,Green,Airani Iofifteen
72,hBP01,鷹嶺ルイ,Takane Lui,hBP01-056,C,0,0,0,180,Red,Takane Lui
73,hBP01,鷹嶺ルイ,Takane Lui,hBP01-057,U,0,0,0,80,Red,Takane Lui
74,hBP01,鷹嶺ルイ,Takane Lui,hBP01-058,C,0,0,0,30,Red,Takane Lui
75,hBP01,鷹嶺ルイ,Takane Lui,hBP01-059,C,0,0,0,50,Red,Takane Lui
76,hBP01,鷹嶺ルイ,Takane Lui,hBP01-060,U,0,0,0,320,Red,Takane Lui
77,hBP01,鷹嶺ルイ,Takane Lui,hBP01-061,R,1,0,0,180,Red,Takane Lui
78,hBP01,小鳥遊キアラ,Takanashi Kiara,hBP01-062,C,0,0,0,180,Red,Takanashi Kiara
79,hBP01,小鳥遊キアラ,Takanashi Kiara,hBP01-063,U,0,0,0,80,Red,Takanashi Kiara
80,hBP01,小鳥遊キアラ,Takanashi Kiara,hBP01-064,C,0,0,0,30,Red,Takanashi Kiara
81,hBP01,小鳥遊キアラ,Takanashi Kiara,hBP01-065,U,0,0,0,120,Red,Takanashi Kiara
82,hBP01,小鳥遊キアラ,Takanashi Kiara,hBP01-066,R,1,0,0,120,Red,Takanashi Kiara
83,hBP01,小鳥遊キアラ,Takanashi Kiara,hBP01-067,RR,1,0,0,180,Red,Takanashi Kiara
84,hBP01,小鳥遊キアラ,Takanashi Kiara,hBP01-067,UR,1,0,0,580,Red,Takanashi Kiara
85,hBP01,尾丸ポルカ,Omaru Polka,hBP01-068,C,0,0,0,80,Red,Omaru Polka
86,hBP01,尾丸ポルカ,Omaru Polka,hBP01-069,C,0,0,0,80,Red,Omaru Polka
87,hBP01,尾丸ポルカ,Omaru Polka,hBP01-070,U,0,0,0,180,Red,Omaru Polka
88,hBP01,尾丸ポルカ,Omaru Polka,hBP01-071,RR,1,0,0,180,Red,Omaru Polka
89,hBP01,尾丸ポルカ,Omaru Polka,hBP01-071,UR,1,0,0,780,Red,Omaru Polka
90,hBP01,ハコス・ベールズ,Hakos Baelz,hBP01-072,C,0,0,0,80,Red,Hakos Baelz
91,hBP01,ハコス・ベールズ,Hakos Baelz,hBP01-073,C,0,0,0,80,Red,Hakos Baelz
92,hBP01,ハコス・ベールズ,Hakos Baelz,hBP01-074,U,0,0,0,220,Red,Hakos Baelz
93,hBP01,ハコス・ベールズ,Hakos Baelz,hBP01-075,R,1,0,0,120,Red,Hakos Baelz
94,hBP01,星街すいせい,Hoshimachi Suisei,hBP01-076,C,0,0,0,180,Blue,Hoshimachi Suisei
95,hBP01,星街すいせい,Hoshimachi Suisei,hBP01-077,U,0,0,0,120,Blue,Hoshimachi Suisei
96,hBP01,星街すいせい,Hoshimachi Suisei,hBP01-078,C,0,0,0,120,Blue,Hoshimachi Suisei
97,hBP01,星街すいせい,Hoshimachi Suisei,hBP01-079,U,0,0,0,180,Blue,Hoshimachi Suisei
98,hBP01,星街すいせい,Hoshimachi Suisei,hBP01-080,R,1,0,0,180,Blue,Hoshimachi Suisei
99,hBP01,星街すいせい,Hoshimachi Suisei,hBP01-081,RR,1,0,0,180,Blue,Hoshimachi Suisei
100,hBP01,星街すいせい,Hoshimachi Suisei,hBP01-081,UR,1,0,0,780,Blue,Hoshimachi Suisei
101,hBP01,こぼ・かなえる,Kobo Kanaeru,hBP01-082,C,0,0,0,120,Blue,Kobo Kanaeru
102,hBP01,こぼ・かなえる,Kobo Kanaeru,hBP01-083,U,0,0,0,120,Blue,Kobo Kanaeru
103,hBP01,こぼ・かなえる,Kobo Kanaeru,hBP01-084,C,0,0,0,30,Blue,Kobo Kanaeru
104,hBP01,こぼ・かなえる,Kobo Kanaeru,hBP01-085,C,0,0,0,30,Blue,Kobo Kanaeru
105,hBP01,こぼ・かなえる,Kobo Kanaeru,hBP01-086,U,0,0,0,120,Blue,Kobo Kanaeru
106,hBP01,こぼ・かなえる,Kobo Kanaeru,hBP01-087,R,1,0,0,120,Blue,Kobo Kanaeru
107,hBP01,ムーナ・ホシノヴァ,Moona Hoshinova,hBP01-088,C,0,0,0,180,Blue,Moona Hoshinova
108,hBP01,ムーナ・ホシノヴァ,Moona Hoshinova,hBP01-089,C,0,0,0,30,Blue,Moona Hoshinova
109,hBP01,ムーナ・ホシノヴァ,Moona Hoshinova,hBP01-090,U,0,0,0,220,Blue,Moona Hoshinova
110,hBP01,ムーナ・ホシノヴァ,Moona Hoshinova,hBP01-091,RR,1,0,0,120,Blue,Moona Hoshinova
111,hBP01,ムーナ・ホシノヴァ,Moona Hoshinova,hBP01-091,UR,1,0,0,680,Blue,Moona Hoshinova
112,hBP01,オーロ・クロニー,Ouro Kronii,hBP01-092,C,0,0,0,180,Blue,Ouro Kronii
113,hBP01,オーロ・クロニー,Ouro Kronii,hBP01-093,C,0,0,0,80,Blue,Ouro Kronii
114,hBP01,オーロ・クロニー,Ouro Kronii,hBP01-094,U,0,0,0,500,Blue,Ouro Kronii
115,hBP01,オーロ・クロニー,Ouro Kronii,hBP01-095,R,1,0,0,220,Blue,Ouro Kronii
116,hBP01,兎田ぺこら,Usada Pekora,hBP01-096,R,1,0,0,120,White,Usada Pekora
117,hBP01,不知火フレア,Shiranui Flare,hBP01-097,R,1,0,0,120,White,Shiranui Flare
118,hBP01,白銀ノエル,Shirogane Noel,hBP01-098,R,1,0,0,120,White,Shirogane Noel
119,hBP01,宝鐘マリン,Houshou Marine,hBP01-099,R,1,0,0,80,White,Houshou Marine
120,hBP01,森カリオペ,Mori Calliope,hBP01-100,C,0,0,0,30,White,Mori Calliope
121,hBP01,ワトソン・アメリア,Amelia Watson,hBP01-101,C,0,0,0,80,White,Amelia Watson
122,hBP01,アイドルマイク,Idol Microphone,hBP01-102,U,0,0,0,120,Support,
123,hBP01,ゲーミングパソコン,Gaming PC,hBP01-103,U,0,0,0,180,Support,
124,hBP01,ふつうのパソコン,Normal PC,hBP01-104,C,0,0,0,420,Support,Tokino Sora
125,hBP01,ペンライト,Penlight,hBP01-105,U,0,0,0,80,Support,
126,hBP01,あとは任せた！,I leave the rest to you!,hBP01-106,U,0,0,0,80,Support,
127,hBP01,アンコール,Encore,hBP01-107,C,0,0,0,80,Support,
128,hBP01,じゃあ敵だね,"So, That Make You My Enemy",hBP01-108,U,0,0,0,500,Support,"Kazama Iroha, Tokino Sora"
129,hBP01,月と兎の物語,Tale of the Moon and the Rabbit,hBP01-109,U,0,0,0,80,Support,"Usada Pekora, Moona Hoshinova"
130,hBP01,鈍器でぶっ叩くわよ！,I'll smack you with a blunt weapon!,hBP01-110,U,0,0,0,50,Support,Nanashi Mumei
131,hBP01,ホロライブインドネシア3期生,hololive Indonesia Gen 3,hBP01-111,U,0,0,0,80,Support,"Vestia Zeta, Kaela Kovalskia, Kobo Kanaeru"
132,hBP01,わくわくいたずらタイム,Exciting Prank Time,hBP01-112,U,0,0,0,50,Support,Kobo Kanaeru
133,hBP01,Promise,Promise,hBP01-113,U,0,0,0,120,Support,"Ceres Fauna, IRyS, Hakos Baelz, Ouro Kronii, Nanashi Mumei"
134,hBP01,石の斧,Stone Axe,hBP01-114,C,0,0,0,180,Support,Aki Rosenthal
135,hBP01,星街すいせいのマイク,Hoshimachi Suisei's Microphone,hBP01-115,U,0,0,0,120,Support,Hoshimachi Suisei
136,hBP01,うぱお,Upao,hBP01-116,C,0,0,0,80,Support,Amane Kanata
137,hBP01,フレンド,Friend,hBP01-117,C,0,0,0,30,Support,Nanashi Mumei
138,hBP01,あん肝,Ankimo,hBP01-118,C,0,0,0,80,Support,Tokino Sora
139,hBP01,ジョブズ,Jobs,hBP01-119,C,0,0,0,30,Support,Aki Rosenthal
140,hBP01,がんも,Ganmo,hBP01-120,C,0,0,0,80,Support,Takane Lui
141,hBP01,Kotori,Kotori,hBP01-121,C,0,0,0,120,Support,Takanashi Kiara
142,hBP01,ロゼ隊,Rose Knight,hBP01-122,C,0,0,0,30,Support,Aki Rosenthal
143,hBP01,野うさぎ同盟,Wild Rabbit Alliance,hBP01-123,C,0,0,0,80,Support,Usada Pekora
144,hBP01,開拓者,Pioneers,hBP01-124,C,0,0,0,80,Support,AZKi
145,hBP01,KFP,KFP,hBP01-125,C,0,0,0,120,Support,Takanashi Kiara
146,hBP01,座員,Troupe Member,hBP01-126,C,0,0,0,80,Support,Omaru Polka
1526,hBP01,春先のどか,Harusaki Nodoka,hSD01-016,C,0,0,1,180,Support,Harusaki Nodoka
1527,hBP01,スゴイパソコン,Amazing PC,hSD01-019,C,0,0,1,50,Support,
1528,hBP01,ホロリスの輪,Circle of hololive Listeners,hSD01-020,C,0,0,1,80,Support,
147,hBP02,白上フブキ,Shirakami Fubuki,hBP02-001,OSR,1,0,0,1780,White,Shirakami Fubuki
148,hBP02,白上フブキ,Shirakami Fubuki,hBP02-001,OUR,1,0,0,29800,White,Shirakami Fubuki
149,hBP02,白上フブキ,Shirakami Fubuki,hBP02-001,SEC,1,1,0,148000,White,Shirakami Fubuki
150,hBP02,パヴォリア・レイネ,Pavolia Reine,hBP02-002,OSR,1,0,0,280,Green,Pavolia Reine
151,hBP02,パヴォリア・レイネ,Pavolia Reine,hBP02-002,OUR,1,0,0,4980,Green,Pavolia Reine
152,hBP02,宝鐘マリン,Houshou Marine,hBP02-003,OSR,1,0,0,420,Red,Houshou Marine
153,hBP02,宝鐘マリン,Houshou Marine,hBP02-003,OUR,1,0,0,14800,Red,Houshou Marine
154,hBP02,宝鐘マリン,Houshou Marine,hBP02-003,SEC,1,1,0,89800,Red,Houshou Marine
155,hBP02,沙花叉クロヱ,Sakamata Chloe,hBP02-004,OSR,1,0,0,320,Blue,Sakamata Chloe
156,hBP02,沙花叉クロヱ,Sakamata Chloe,hBP02-004,OUR,1,0,0,24800,Blue,Sakamata Chloe
157,hBP02,沙花叉クロヱ,Sakamata Chloe,hBP02-004,SEC,1,1,0,99800,Blue,Sakamata Chloe
158,hBP02,紫咲シオン,Murasaki Shion,hBP02-005,OSR,1,0,0,280,Purple,Murasaki Shion
159,hBP02,紫咲シオン,Murasaki Shion,hBP02-005,OUR,1,0,0,19800,Purple,Murasaki Shion
160,hBP02,クレイジー・オリー,Kureiji Ollie,hBP02-006,OSR,1,0,0,320,Purple,Kureiji Ollie
161,hBP02,クレイジー・オリー,Kureiji Ollie,hBP02-006,OUR,1,0,0,8980,Purple,Kureiji Ollie
162,hBP02,森カリオペ,Mori Calliope,hBP02-007,OSR,1,0,0,580,Purple,Mori Calliope
163,hBP02,森カリオペ,Mori Calliope,hBP02-007,OUR,1,0,0,19800,Purple,Mori Calliope
164,hBP02,白上フブキ,Shirakami Fubuki,hBP02-008,C,0,0,0,120,White,Shirakami Fubuki
165,hBP02,白上フブキ,Shirakami Fubuki,hBP02-009,U,0,0,0,50,White,Shirakami Fubuki
166,hBP02,白上フブキ,Shirakami Fubuki,hBP02-010,C,0,0,0,50,White,Shirakami Fubuki
167,hBP02,白上フブキ,Shirakami Fubuki,hBP02-010,S,1,0,0,320,White,Shirakami Fubuki
168,hBP02,白上フブキ,Shirakami Fubuki,hBP02-011,U,0,0,0,120,White,Shirakami Fubuki
169,hBP02,白上フブキ,Shirakami Fubuki,hBP02-011,S,1,0,0,580,White,Shirakami Fubuki
170,hBP02,白上フブキ,Shirakami Fubuki,hBP02-012,R,1,0,0,120,White,Shirakami Fubuki
171,hBP02,白上フブキ,Shirakami Fubuki,hBP02-012,SR,1,0,0,420,White,Shirakami Fubuki
172,hBP02,白上フブキ,Shirakami Fubuki,hBP02-013,RR,1,0,0,320,White,Shirakami Fubuki
173,hBP02,白上フブキ,Shirakami Fubuki,hBP02-013,SR,1,0,0,780,White,Shirakami Fubuki
174,hBP02,白上フブキ,Shirakami Fubuki,hBP02-013,UR,1,0,0,6980,White,Shirakami Fubuki
175,hBP02,白銀ノエル,Shirogane Noel,hBP02-014,C,0,0,0,120,White,Shirogane Noel
176,hBP02,白銀ノエル,Shirogane Noel,hBP02-015,C,0,0,0,50,White,Shirogane Noel
177,hBP02,白銀ノエル,Shirogane Noel,hBP02-015,S,1,0,0,280,White,Shirogane Noel
178,hBP02,白銀ノエル,Shirogane Noel,hBP02-016,U,0,0,0,80,White,Shirogane Noel
179,hBP02,白銀ノエル,Shirogane Noel,hBP02-016,S,1,0,0,320,White,Shirogane Noel
180,hBP02,白銀ノエル,Shirogane Noel,hBP02-017,RR,1,0,0,120,White,Shirogane Noel
181,hBP02,白銀ノエル,Shirogane Noel,hBP02-017,SR,1,0,0,420,White,Shirogane Noel
182,hBP02,白銀ノエル,Shirogane Noel,hBP02-017,UR,1,0,0,2980,White,Shirogane Noel
183,hBP02,パヴォリア・レイネ,Pavolia Reine,hBP02-018,C,0,0,0,180,Green,Pavolia Reine
184,hBP02,パヴォリア・レイネ,Pavolia Reine,hBP02-019,U,0,0,0,50,Green,Pavolia Reine
185,hBP02,パヴォリア・レイネ,Pavolia Reine,hBP02-019,S,1,0,0,180,Green,Pavolia Reine
186,hBP02,パヴォリア・レイネ,Pavolia Reine,hBP02-020,C,0,0,0,50,Green,Pavolia Reine
187,hBP02,パヴォリア・レイネ,Pavolia Reine,hBP02-020,S,1,0,0,180,Green,Pavolia Reine
188,hBP02,パヴォリア・レイネ,Pavolia Reine,hBP02-021,U,0,0,0,80,Green,Pavolia Reine
189,hBP02,パヴォリア・レイネ,Pavolia Reine,hBP02-021,S,1,0,0,280,Green,Pavolia Reine
190,hBP02,パヴォリア・レイネ,Pavolia Reine,hBP02-022,R,1,0,0,80,Green,Pavolia Reine
191,hBP02,パヴォリア・レイネ,Pavolia Reine,hBP02-022,SR,1,0,0,500,Green,Pavolia Reine
192,hBP02,パヴォリア・レイネ,Pavolia Reine,hBP02-023,RR,1,0,0,180,Green,Pavolia Reine
193,hBP02,パヴォリア・レイネ,Pavolia Reine,hBP02-023,SR,1,0,0,500,Green,Pavolia Reine
194,hBP02,パヴォリア・レイネ,Pavolia Reine,hBP02-023,UR,1,0,0,2980,Green,Pavolia Reine
195,hBP02,大神ミオ,Ookami Mio,hBP02-024,C,0,0,0,120,Green,Ookami Mio
196,hBP02,大神ミオ,Ookami Mio,hBP02-025,C,0,0,0,50,Green,Ookami Mio
197,hBP02,大神ミオ,Ookami Mio,hBP02-025,S,1,0,0,180,Green,Ookami Mio
198,hBP02,大神ミオ,Ookami Mio,hBP02-026,U,0,0,0,180,Green,Ookami Mio
199,hBP02,大神ミオ,Ookami Mio,hBP02-026,S,1,0,0,580,Green,Ookami Mio
200,hBP02,大神ミオ,Ookami Mio,hBP02-027,RR,1,0,0,180,Green,Ookami Mio
201,hBP02,大神ミオ,Ookami Mio,hBP02-027,SR,1,0,0,580,Green,Ookami Mio
202,hBP02,大神ミオ,Ookami Mio,hBP02-027,UR,1,0,0,3480,Green,Ookami Mio
203,hBP02,宝鐘マリン,Houshou Marine,hBP02-028,C,0,0,0,50,Red,Houshou Marine
204,hBP02,宝鐘マリン,Houshou Marine,hBP02-029,U,0,0,0,80,Red,Houshou Marine
205,hBP02,宝鐘マリン,Houshou Marine,hBP02-030,C,0,0,0,50,Red,Houshou Marine
206,hBP02,宝鐘マリン,Houshou Marine,hBP02-030,S,1,0,0,420,Red,Houshou Marine
207,hBP02,宝鐘マリン,Houshou Marine,hBP02-031,U,0,0,0,120,Red,Houshou Marine
208,hBP02,宝鐘マリン,Houshou Marine,hBP02-031,S,1,0,0,220,Red,Houshou Marine
209,hBP02,宝鐘マリン,Houshou Marine,hBP02-032,R,1,0,0,120,Red,Houshou Marine
210,hBP02,宝鐘マリン,Houshou Marine,hBP02-032,SR,1,0,0,2480,Red,Houshou Marine
211,hBP02,宝鐘マリン,Houshou Marine,hBP02-033,RR,1,0,0,580,Red,Houshou Marine
212,hBP02,宝鐘マリン,Houshou Marine,hBP02-033,SR,1,0,0,1280,Red,Houshou Marine
213,hBP02,宝鐘マリン,Houshou Marine,hBP02-033,UR,1,0,0,8980,Red,Houshou Marine
214,hBP02,百鬼あやめ,Nakiri Ayame,hBP02-034,RR,1,0,0,120,Red,Nakiri Ayame
215,hBP02,百鬼あやめ,Nakiri Ayame,hBP02-034,SR,1,0,0,580,Red,Nakiri Ayame
216,hBP02,百鬼あやめ,Nakiri Ayame,hBP02-034,UR,1,0,0,2980,Red,Nakiri Ayame
217,hBP02,沙花叉クロヱ,Sakamata Chloe,hBP02-035,C,0,0,0,500,Blue,Sakamata Chloe
218,hBP02,沙花叉クロヱ,Sakamata Chloe,hBP02-036,U,0,0,0,80,Blue,Sakamata Chloe
219,hBP02,沙花叉クロヱ,Sakamata Chloe,hBP02-036,S,1,0,0,320,Blue,Sakamata Chloe
220,hBP02,沙花叉クロヱ,Sakamata Chloe,hBP02-037,C,0,0,0,80,Blue,Sakamata Chloe
221,hBP02,沙花叉クロヱ,Sakamata Chloe,hBP02-037,S,1,0,0,420,Blue,Sakamata Chloe
222,hBP02,沙花叉クロヱ,Sakamata Chloe,hBP02-038,U,0,0,0,280,Blue,Sakamata Chloe
223,hBP02,沙花叉クロヱ,Sakamata Chloe,hBP02-038,S,1,0,0,2480,Blue,Sakamata Chloe
224,hBP02,沙花叉クロヱ,Sakamata Chloe,hBP02-039,R,1,0,0,80,Blue,Sakamata Chloe
225,hBP02,沙花叉クロヱ,Sakamata Chloe,hBP02-039,SR,1,0,0,580,Blue,Sakamata Chloe
226,hBP02,沙花叉クロヱ,Sakamata Chloe,hBP02-040,RR,1,0,0,220,Blue,Sakamata Chloe
227,hBP02,沙花叉クロヱ,Sakamata Chloe,hBP02-040,SR,1,0,0,1280,Blue,Sakamata Chloe
228,hBP02,沙花叉クロヱ,Sakamata Chloe,hBP02-040,UR,1,0,0,17800,Blue,Sakamata Chloe
229,hBP02,猫又おかゆ,Nekomata Okayu,hBP02-041,RR,1,0,0,220,Blue,Nekomata Okayu
230,hBP02,猫又おかゆ,Nekomata Okayu,hBP02-041,SR,1,0,0,680,Blue,Nekomata Okayu
231,hBP02,猫又おかゆ,Nekomata Okayu,hBP02-041,UR,1,0,0,4980,Blue,Nekomata Okayu
232,hBP02,紫咲シオン,Murasaki Shion,hBP02-042,C,0,0,0,80,Purple,Murasaki Shion
233,hBP02,紫咲シオン,Murasaki Shion,hBP02-043,U,0,0,0,50,Purple,Murasaki Shion
234,hBP02,紫咲シオン,Murasaki Shion,hBP02-044,C,0,0,0,50,Purple,Murasaki Shion
235,hBP02,紫咲シオン,Murasaki Shion,hBP02-044,S,1,0,0,220,Purple,Murasaki Shion
236,hBP02,紫咲シオン,Murasaki Shion,hBP02-045,U,0,0,0,50,Purple,Murasaki Shion
237,hBP02,紫咲シオン,Murasaki Shion,hBP02-045,S,1,0,0,580,Purple,Murasaki Shion
238,hBP02,紫咲シオン,Murasaki Shion,hBP02-046,R,1,0,0,80,Purple,Murasaki Shion
239,hBP02,紫咲シオン,Murasaki Shion,hBP02-046,SR,1,0,0,320,Purple,Murasaki Shion
240,hBP02,紫咲シオン,Murasaki Shion,hBP02-047,RR,1,0,0,220,Purple,Murasaki Shion
241,hBP02,紫咲シオン,Murasaki Shion,hBP02-047,SR,1,0,0,320,Purple,Murasaki Shion
242,hBP02,紫咲シオン,Murasaki Shion,hBP02-047,UR,1,0,0,4980,Purple,Murasaki Shion
244,hBP02,クレイジー・オリー,Kureiji Ollie,hBP02-048,C,0,0,0,50,Purple,Kureiji Ollie
245,hBP02,クレイジー・オリー,Kureiji Ollie,hBP02-049,U,0,0,0,30,Purple,Kureiji Ollie
246,hBP02,クレイジー・オリー,Kureiji Ollie,hBP02-049,S,1,0,0,180,Purple,Kureiji Ollie
247,hBP02,クレイジー・オリー,Kureiji Ollie,hBP02-050,C,0,0,0,30,Purple,Kureiji Ollie
248,hBP02,クレイジー・オリー,Kureiji Ollie,hBP02-050,S,1,0,0,180,Purple,Kureiji Ollie
249,hBP02,クレイジー・オリー,Kureiji Ollie,hBP02-051,U,0,0,0,30,Purple,Kureiji Ollie
250,hBP02,クレイジー・オリー,Kureiji Ollie,hBP02-051,S,1,0,0,180,Purple,Kureiji Ollie
251,hBP02,クレイジー・オリー,Kureiji Ollie,hBP02-052,R,1,0,0,80,Purple,Kureiji Ollie
252,hBP02,クレイジー・オリー,Kureiji Ollie,hBP02-052,SR,1,0,0,220,Purple,Kureiji Ollie
253,hBP02,クレイジー・オリー,Kureiji Ollie,hBP02-053,RR,1,0,0,120,Purple,Kureiji Ollie
254,hBP02,クレイジー・オリー,Kureiji Ollie,hBP02-053,SR,1,0,0,500,Purple,Kureiji Ollie
255,hBP02,クレイジー・オリー,Kureiji Ollie,hBP02-053,UR,1,0,0,980,Purple,Kureiji Ollie
256,hBP02,森カリオペ,Mori Calliope,hBP02-054,C,0,0,0,80,Purple,Mori Calliope
257,hBP02,森カリオペ,Mori Calliope,hBP02-055,U,0,0,0,50,Purple,Mori Calliope
258,hBP02,森カリオペ,Mori Calliope,hBP02-055,S,1,0,0,320,Purple,Mori Calliope
259,hBP02,森カリオペ,Mori Calliope,hBP02-056,C,0,0,0,50,Purple,Mori Calliope
260,hBP02,森カリオペ,Mori Calliope,hBP02-056,S,1,0,0,220,Purple,Mori Calliope
261,hBP02,森カリオペ,Mori Calliope,hBP02-057,U,0,0,0,80,Purple,Mori Calliope
262,hBP02,森カリオペ,Mori Calliope,hBP02-057,S,1,0,0,320,Purple,Mori Calliope
263,hBP02,森カリオペ,Mori Calliope,hBP02-058,R,1,0,0,120,Purple,Mori Calliope
264,hBP02,森カリオペ,Mori Calliope,hBP02-058,SR,1,0,0,320,Purple,Mori Calliope
265,hBP02,森カリオペ,Mori Calliope,hBP02-059,RR,1,0,0,180,Purple,Mori Calliope
266,hBP02,森カリオペ,Mori Calliope,hBP02-059,SR,1,0,0,420,Purple,Mori Calliope
267,hBP02,森カリオペ,Mori Calliope,hBP02-059,UR,1,0,0,1480,Purple,Mori Calliope
268,hBP02,癒月ちょこ,Yuzuki Choco,hBP02-060,R,1,0,0,80,Purple,Yuzuki Choco
269,hBP02,癒月ちょこ,Yuzuki Choco,hBP02-060,SR,1,0,0,420,Purple,Yuzuki Choco
270,hBP02,一伊那尓栖,Ninomae Ina'nis,hBP02-061,C,0,0,0,80,Purple,Ninomae Ina'nis
271,hBP02,一伊那尓栖,Ninomae Ina'nis,hBP02-062,C,0,0,0,50,Purple,Ninomae Ina'nis
272,hBP02,一伊那尓栖,Ninomae Ina'nis,hBP02-062,S,1,0,0,320,Purple,Ninomae Ina'nis
273,hBP02,一伊那尓栖,Ninomae Ina'nis,hBP02-063,U,0,0,0,30,Purple,Ninomae Ina'nis
274,hBP02,一伊那尓栖,Ninomae Ina'nis,hBP02-063,S,1,0,0,320,Purple,Ninomae Ina'nis
275,hBP02,一伊那尓栖,Ninomae Ina'nis,hBP02-064,RR,1,0,0,120,Purple,Ninomae Ina'nis
276,hBP02,一伊那尓栖,Ninomae Ina'nis,hBP02-064,SR,1,0,0,680,Purple,Ninomae Ina'nis
277,hBP02,一伊那尓栖,Ninomae Ina'nis,hBP02-064,UR,1,0,0,2480,Purple,Ninomae Ina'nis
278,hBP02,ネリッサ・レイヴンクロフト,Nerissa Ravencroft,hBP02-065,C,0,0,0,80,Purple,Nerissa Ravencroft
279,hBP02,ネリッサ・レイヴンクロフト,Nerissa Ravencroft,hBP02-066,C,0,0,0,30,Purple,Nerissa Ravencroft
280,hBP02,ネリッサ・レイヴンクロフト,Nerissa Ravencroft,hBP02-066,S,1,0,0,180,Purple,Nerissa Ravencroft
281,hBP02,ネリッサ・レイヴンクロフト,Nerissa Ravencroft,hBP02-067,U,0,0,0,120,Purple,Nerissa Ravencroft
282,hBP02,ネリッサ・レイヴンクロフト,Nerissa Ravencroft,hBP02-067,S,1,0,0,500,Purple,Nerissa Ravencroft
283,hBP02,ネリッサ・レイヴンクロフト,Nerissa Ravencroft,hBP02-068,R,1,0,0,120,Purple,Nerissa Ravencroft
284,hBP02,ネリッサ・レイヴンクロフト,Nerissa Ravencroft,hBP02-068,SR,1,0,0,500,Purple,Nerissa Ravencroft
285,hBP02,魔法少女みこ,Magical Girl Miko,hBP02-069,R,1,0,0,50,White,Sakura Miko
286,hBP02,魔法少女みこ,Magical Girl Miko,hBP02-069,SR,1,0,0,320,White,Sakura Miko
287,hBP02,魔法少女かなた,Magical Girl Kanata,hBP02-070,R,1,0,0,50,White,Amane Kanata
288,hBP02,魔法少女かなた,Magical Girl Kanata,hBP02-070,SR,1,0,0,320,White,Amane Kanata
289,hBP02,魔法少女ルーナ,Magical Girl Luna,hBP02-071,R,1,0,0,50,White,Himemori Luna
290,hBP02,魔法少女ルーナ,Magical Girl Luna,hBP02-071,SR,1,0,0,320,White,Himemori Luna
291,hBP02,魔法少女シオン,Magical Girl Shion,hBP02-072,R,1,0,0,50,White,Murasaki Shion
293,hBP02,魔法少女シオン,Magical Girl Shion,hBP02-072,SR,1,0,0,420,White,Murasaki Shion
294,hBP02,魔法少女マリン,Magical Girl Marine,hBP02-073,R,1,0,0,50,White,Houshou Marine
295,hBP02,魔法少女マリン,Magical Girl Marine,hBP02-073,SR,1,0,0,320,White,Houshou Marine
296,hBP02,魔法少女クロヱ,Magical Girl Chloe,hBP02-074,R,1,0,0,50,White,Sakamata Chloe
297,hBP02,魔法少女クロヱ,Magical Girl Chloe,hBP02-074,SR,1,0,0,320,White,Sakamata Chloe
298,hBP02,アイドルサインペン,Idol's Autograph Pen,hBP02-075,U,0,0,0,120,Support,
299,hBP02,アイドルサインペン,Idol's Autograph Pen,hBP02-075,S,1,0,0,180,Support,
300,hBP02,カスタムパソコン,Custom PC,hBP02-076,C,0,0,0,120,Support,Tokino Sora
301,hBP02,カスタムパソコン,Custom PC,hBP02-076,S,1,0,0,180,Support,Tokino Sora
302,hBP02,レトロパソコン,Retro PC,hBP02-077,C,0,0,0,30,Support,
303,hBP02,レトロパソコン,Retro PC,hBP02-077,S,1,0,0,320,Support,
304,hBP02,かなた建設(エラッタ前),Kanata Construction,hBP02-078,U,0,0,0,80,Support,"AZKi, Amane Kanata, Sakamata Chloe"
305,hBP02,かなた建設(エラッタ前),Kanata Construction,hBP02-078,S,1,0,0,180,Support,"AZKi, Amane Kanata, Sakamata Chloe"
306,hBP02,爆発の魔法,Explosion Magic,hBP02-079,U,0,0,0,80,Support,Murasaki Shion
307,hBP02,爆発の魔法,Explosion Magic,hBP02-079,S,1,0,0,680,Support,Murasaki Shion
308,hBP02,秘密結社holoX,holoX,hBP02-080,U,0,0,0,50,Support,"Takane Lui, La+ Darknesss, Kazama Iroha, Hakui Koyori, Sakamata Chloe"
309,hBP02,秘密結社holoX,holoX,hBP02-080,S,1,0,0,320,Support,"Takane Lui, La+ Darknesss, Kazama Iroha, Hakui Koyori, Sakamata Chloe"
310,hBP02,ホロライブ インドネシア2期生,hololive Indonesia Gen 2,hBP02-081,U,0,0,0,80,Support,"Kureiji Ollie, Anya Melfissa, Pavolia Reine"
311,hBP02,ホロライブ インドネシア2期生,hololive Indonesia Gen 2,hBP02-081,S,1,0,0,180,Support,"Kureiji Ollie, Anya Melfissa, Pavolia Reine"
312,hBP02,ホロライブゲーマーズ,hololive GAMERS,hBP02-082,U,0,0,0,120,Support,"Nekomata Okayu, Inugami Korone, Shirakami Fubuki, Ookami Mio"
313,hBP02,ホロライブゲーマーズ,hololive GAMERS,hBP02-082,S,1,0,0,280,Support,"Nekomata Okayu, Inugami Korone, Shirakami Fubuki, Ookami Mio"
314,hBP02,魔法のタンス,Magical Dresser,hBP02-083,U,0,0,0,30,Support,Murasaki Shion
315,hBP02,魔法のタンス,Magical Dresser,hBP02-083,S,1,0,0,180,Support,Murasaki Shion
316,hBP02,みっころね24,Mikkorone 24,hBP02-084,U,0,0,0,80,Support,"Sakura Miko, Inugami Korone"
317,hBP02,みっころね24,Mikkorone 24,hBP02-084,S,1,0,0,1280,Support,"Sakura Miko, Inugami Korone"
318,hBP02,みっころね24,Mikkorone 24,hBP02-084,SEC,1,1,0,89800,Support,"Sakura Miko, Inugami Korone"
319,hBP02,HOLOLIVE FANTASY,HOLOLIVE FANTASY,hBP02-085,U,0,0,0,120,Support,"Houshou Marine, Usada Pekora, Shiranui Flare, Shirogane Noel"
320,hBP02,HOLOLIVE FANTASY,HOLOLIVE FANTASY,hBP02-085,S,1,0,0,180,Support,"Houshou Marine, Usada Pekora, Shiranui Flare, Shirogane Noel"
321,hBP02,ホロスパークリング,holoSparkling,hBP02-086,C,0,0,0,120,Support,
322,hBP02,ホロスパークリング,holoSparkling,hBP02-086,S,1,0,0,680,Support,
323,hBP02,紫咲シオンの魔法のステッキ,Murasaki Shion's Magical Wand,hBP02-087,C,0,0,0,30,Support,Murasaki Shion
324,hBP02,紫咲シオンの魔法のステッキ,Murasaki Shion's Magical Wand,hBP02-087,S,1,0,0,180,Support,Murasaki Shion
325,hBP02,森カリオペの鎌,Mori Calliope's Scythe,hBP02-088,U,0,0,0,30,Support,Mori Calliope
326,hBP02,森カリオペの鎌,Mori Calliope's Scythe,hBP02-088,S,1,0,0,280,Support,Mori Calliope
327,hBP02,おるやんけ,Oruyanke,hBP02-089,C,0,0,0,50,Support,Shirakami Fubuki
328,hBP02,おるやんけ,Oruyanke,hBP02-089,S,1,0,0,420,Support,Shirakami Fubuki
329,hBP02,ネジマキツネ,Nejimakitsune,hBP02-090,C,0,0,0,50,Support,Shirakami Fubuki
330,hBP02,ネジマキツネ,Nejimakitsune,hBP02-090,S,1,0,0,320,Support,Shirakami Fubuki
331,hBP02,フブチュン,Fubu-chun,hBP02-091,C,0,0,0,50,Support,Shirakami Fubuki
332,hBP02,フブチュン,Fubu-chun,hBP02-091,S,1,0,0,180,Support,Shirakami Fubuki
333,hBP02,フブラ,Fubzilla,hBP02-092,U,0,0,0,50,Support,Shirakami Fubuki
334,hBP02,フブラ,Fubzilla,hBP02-092,S,1,0,0,180,Support,Shirakami Fubuki
335,hBP02,ミテイル,Miteiru,hBP02-093,C,0,0,0,50,Support,Shirakami Fubuki
336,hBP02,ミテイル,Miteiru,hBP02-093,S,1,0,0,180,Support,Shirakami Fubuki
337,hBP02,Tatang,Tatang,hBP02-094,C,0,0,0,180,Support,Pavolia Reine
338,hBP02,Tatang,Tatang,hBP02-094,S,1,0,0,320,Support,Pavolia Reine
339,hBP02,ドクロくん,Dokuro-kun,hBP02-095,C,0,0,0,30,Support,Houshou Marine
340,hBP02,ドクロくん,Dokuro-kun,hBP02-095,S,1,0,0,220,Support,Houshou Marine
341,hBP02,イヌ,Inu,hBP02-096,C,0,0,0,30,Support,Sakamata Chloe
342,hBP02,イヌ,Inu,hBP02-096,S,1,0,0,120,Support,Sakamata Chloe
343,hBP02,UDIN,UDIN,hBP02-097,C,0,0,0,30,Support,Kureiji Ollie
344,hBP02,UDIN,UDIN,hBP02-097,S,1,0,0,120,Support,Kureiji Ollie
345,hBP02,Death-sensei,Death-sensei,hBP02-098,C,0,0,0,50,Support,Mori Calliope
346,hBP02,Death-sensei,Death-sensei,hBP02-098,S,1,0,0,220,Support,Mori Calliope
347,hBP02,すこん部,Sukonbu,hBP02-099,C,0,0,0,50,Support,Shirakami Fubuki
348,hBP02,すこん部,Sukonbu,hBP02-099,S,1,0,0,180,Support,Shirakami Fubuki
349,hBP02,白銀聖騎士団,Knight's Order of Shirogane,hBP02-100,C,0,0,0,50,Support,Shirogane Noel
350,hBP02,白銀聖騎士団,Knight's Order of Shirogane,hBP02-100,S,1,0,0,220,Support,Shirogane Noel
351,hBP02,ミオファ,Mio-fam,hBP02-101,C,0,0,0,30,Support,Ookami Mio
352,hBP02,ミオファ,Mio-fam,hBP02-101,S,1,0,0,580,Support,Ookami Mio
353,hBP02,塩っ子(エラッタ前),Shiokko,hBP02-102,C,0,0,0,30,Support,Murasaki Shion
354,hBP02,塩っ子(エラッタ前),Shiokko,hBP02-102,S,1,0,0,180,Support,Murasaki Shion
1490,hBP02,白エール,White Cheer,hY01-003,SY,1,0,0,2480,White,Shirakami Fubuki
1491,hBP02,緑エール,Green Cheer,hY02-002,SY,1,0,0,2480,Green,Ookami Mio
1492,hBP02,赤エール,Red Cheer,hY03-002,SY,1,0,0,2480,Red,Houshou Marine
1493,hBP02,青エール,Blue Cheer,hY04-002,SY,1,0,0,2480,Blue,Sakamata Chloe
1494,hBP02,紫エール,Purple Cheer,hY05-002,SY,1,0,0,1780,Purple,Murasaki Shion
355,hBP02,百鬼あやめ,Nakiri Ayame,hSD02-009,SR,1,0,1,500,Red,Nakiri Ayame
356,hBP02,猫又おかゆ,Nekomata Okayu,hSD03-009,SR,1,0,1,320,Blue,Nekomata Okayu
357,hBP02,癒月ちょこ,Yuzuki Choco,hSD04-009,SR,1,0,1,580,Purple,Yuzuki Choco
358,hBP03,姫森ルーナ,Himemori Luna,hBP03-001,OSR,1,0,0,320,White,Himemori Luna
359,hBP03,姫森ルーナ,Himemori Luna,hBP03-001,OUR,1,0,0,14800,White,Himemori Luna
360,hBP03,獅白ぼたん,Shishiro Botan,hBP03-002,OSR,1,0,0,220,Green,Shishiro Botan
361,hBP03,獅白ぼたん,Shishiro Botan,hBP03-002,OUR,1,0,0,7980,Green,Shishiro Botan
362,hBP03,獅白ぼたん,Shishiro Botan,hBP03-002,SEC,1,1,0,59800,Green,Shishiro Botan
363,hBP03,さくらみこ,Sakura Miko,hBP03-003,OSR,1,0,0,980,Red,Sakura Miko
364,hBP03,さくらみこ,Sakura Miko,hBP03-003,OUR,1,0,0,19800,Red,Sakura Miko
365,hBP03,さくらみこ,Sakura Miko,hBP03-003,SEC,1,1,0,108000,Red,Sakura Miko
366,hBP03,フワモコ,FUWAMOCO,hBP03-004,OSR,1,0,0,780,Blue,"Fuwawa Abyssgard, Mococo Abyssgard"
367,hBP03,フワモコ,FUWAMOCO,hBP03-004,OUR,1,0,0,19800,Blue,"Fuwawa Abyssgard, Mococo Abyssgard"
368,hBP03,常闇トワ,Tokoyami Towa,hBP03-005,OSR,1,0,0,320,Purple,Tokoyami Towa
369,hBP03,常闇トワ,Tokoyami Towa,hBP03-005,OUR,1,0,0,12800,Purple,Tokoyami Towa
370,hBP03,常闇トワ,Tokoyami Towa,hBP03-005,SEC,1,1,0,79800,Purple,Tokoyami Towa
371,hBP03,戌神ころね,Inugami Korone,hBP03-006,OSR,1,0,0,1480,Yellow,Inugami Korone
372,hBP03,戌神ころね,Inugami Korone,hBP03-006,OUR,1,0,0,24800,Yellow,Inugami Korone
373,hBP03,角巻わため,Tsunomaki Watame,hBP03-007,OSR,1,0,0,420,Yellow,Tsunomaki Watame
374,hBP03,角巻わため,Tsunomaki Watame,hBP03-007,OUR,1,0,0,9980,Yellow,Tsunomaki Watame
375,hBP03,角巻わため,Tsunomaki Watame,hBP03-007,SEC,1,1,0,59800,Yellow,Tsunomaki Watame
376,hBP03,アユンダ・リス,Ayunda Risu,hBP03-008,OSR,1,0,0,180,Yellow,Ayunda Risu
377,hBP03,アユンダ・リス,Ayunda Risu,hBP03-008,OUR,1,0,0,6980,Yellow,Ayunda Risu
378,hBP03,姫森ルーナ,Himemori Luna,hBP03-009,C,0,0,0,80,White,Himemori Luna
379,hBP03,姫森ルーナ,Himemori Luna,hBP03-010,U,0,0,0,30,White,Himemori Luna
380,hBP03,姫森ルーナ,Himemori Luna,hBP03-010,S,1,0,0,420,White,Himemori Luna
381,hBP03,姫森ルーナ,Himemori Luna,hBP03-011,C,0,0,0,30,White,Himemori Luna
382,hBP03,姫森ルーナ,Himemori Luna,hBP03-011,S,1,0,0,320,White,Himemori Luna
383,hBP03,姫森ルーナ,Himemori Luna,hBP03-012,U,0,0,0,30,White,Himemori Luna
384,hBP03,姫森ルーナ,Himemori Luna,hBP03-012,S,1,0,0,280,White,Himemori Luna
385,hBP03,姫森ルーナ,Himemori Luna,hBP03-013,R,1,0,0,50,White,Himemori Luna
386,hBP03,姫森ルーナ,Himemori Luna,hBP03-013,SR,1,0,0,320,White,Himemori Luna
387,hBP03,姫森ルーナ,Himemori Luna,hBP03-014,RR,1,0,0,180,White,Himemori Luna
388,hBP03,姫森ルーナ,Himemori Luna,hBP03-014,SR,1,0,0,420,White,Himemori Luna
389,hBP03,姫森ルーナ,Himemori Luna,hBP03-014,UR,1,0,0,1980,White,Himemori Luna
390,hBP03,轟はじめ,Todoroki Hajime,hBP03-015,RR,1,0,0,180,White,Todoroki Hajime
391,hBP03,轟はじめ,Todoroki Hajime,hBP03-015,SR,1,0,0,420,White,Todoroki Hajime
392,hBP03,轟はじめ,Todoroki Hajime,hBP03-015,UR,1,0,0,2980,White,Todoroki Hajime
393,hBP03,獅白ぼたん,Shishiro Botan,hBP03-016,C,0,0,0,120,Green,Shishiro Botan
394,hBP03,獅白ぼたん,Shishiro Botan,hBP03-017,U,0,0,0,30,Green,Shishiro Botan
395,hBP03,獅白ぼたん,Shishiro Botan,hBP03-017,S,1,0,0,280,Green,Shishiro Botan
396,hBP03,獅白ぼたん,Shishiro Botan,hBP03-018,C,0,0,0,30,Green,Shishiro Botan
397,hBP03,獅白ぼたん,Shishiro Botan,hBP03-018,S,1,0,0,220,Green,Shishiro Botan
398,hBP03,獅白ぼたん,Shishiro Botan,hBP03-019,U,0,0,0,30,Green,Shishiro Botan
399,hBP03,獅白ぼたん,Shishiro Botan,hBP03-019,S,1,0,0,320,Green,Shishiro Botan
400,hBP03,獅白ぼたん,Shishiro Botan,hBP03-020,R,1,0,0,50,Green,Shishiro Botan
401,hBP03,獅白ぼたん,Shishiro Botan,hBP03-020,SR,1,0,0,420,Green,Shishiro Botan
402,hBP03,獅白ぼたん,Shishiro Botan,hBP03-021,RR,1,0,0,180,Green,Shishiro Botan
403,hBP03,獅白ぼたん,Shishiro Botan,hBP03-021,SR,1,0,0,420,Green,Shishiro Botan
404,hBP03,獅白ぼたん,Shishiro Botan,hBP03-021,UR,1,0,0,3480,Green,Shishiro Botan
405,hBP03,アキ・ローゼンタール,Aki Rosenthal,hBP03-022,R,1,0,0,50,Green,Aki Rosenthal
406,hBP03,アキ・ローゼンタール,Aki Rosenthal,hBP03-022,SR,1,0,0,420,Green,Aki Rosenthal
407,hBP03,兎田ぺこら,Usada Pekora,hBP03-023,R,1,0,0,180,Green,Usada Pekora
408,hBP03,兎田ぺこら,Usada Pekora,hBP03-023,SR,1,0,0,780,Green,Usada Pekora
409,hBP03,風真いろは,Kazama Iroha,hBP03-024,RR,1,0,0,180,Green,Kazama Iroha
410,hBP03,風真いろは,Kazama Iroha,hBP03-024,SR,1,0,0,580,Green,Kazama Iroha
411,hBP03,風真いろは,Kazama Iroha,hBP03-024,UR,1,0,0,2980,Green,Kazama Iroha
412,hBP03,さくらみこ,Sakura Miko,hBP03-025,C,0,0,0,180,Red,Sakura Miko
413,hBP03,さくらみこ,Sakura Miko,hBP03-026,U,0,0,0,80,Red,Sakura Miko
414,hBP03,さくらみこ,Sakura Miko,hBP03-026,S,1,0,0,320,Red,Sakura Miko
415,hBP03,さくらみこ,Sakura Miko,hBP03-027,C,0,0,0,30,Red,Sakura Miko
416,hBP03,さくらみこ,Sakura Miko,hBP03-027,S,1,0,0,500,Red,Sakura Miko
417,hBP03,さくらみこ,Sakura Miko,hBP03-028,U,0,0,0,30,Red,Sakura Miko
418,hBP03,さくらみこ,Sakura Miko,hBP03-028,S,1,0,0,420,Red,Sakura Miko
419,hBP03,さくらみこ,Sakura Miko,hBP03-029,R,1,0,0,180,Red,Sakura Miko
420,hBP03,さくらみこ,Sakura Miko,hBP03-029,SR,1,0,0,1280,Red,Sakura Miko
421,hBP03,さくらみこ,Sakura Miko,hBP03-030,RR,1,0,0,180,Red,Sakura Miko
422,hBP03,さくらみこ,Sakura Miko,hBP03-030,SR,1,0,0,420,Red,Sakura Miko
423,hBP03,さくらみこ,Sakura Miko,hBP03-030,UR,1,0,0,4980,Red,Sakura Miko
424,hBP03,赤井はあと,Akai Haato,hBP03-031,C,0,0,0,80,Red,Akai Haato
425,hBP03,赤井はあと,Akai Haato,hBP03-032,C,0,0,0,30,Red,Akai Haato
426,hBP03,赤井はあと,Akai Haato,hBP03-032,S,1,0,0,180,Red,Akai Haato
427,hBP03,赤井はあと,Akai Haato,hBP03-033,U,0,0,0,30,Red,Akai Haato
428,hBP03,赤井はあと,Akai Haato,hBP03-033,S,1,0,0,420,Red,Akai Haato
429,hBP03,赤井はあと,Akai Haato,hBP03-034,RR,1,0,0,180,Red,Akai Haato
430,hBP03,赤井はあと,Akai Haato,hBP03-034,SR,1,0,0,580,Red,Akai Haato
431,hBP03,赤井はあと,Akai Haato,hBP03-034,UR,1,0,0,2980,Red,Akai Haato
432,hBP03,鷹嶺ルイ,Takane Lui,hBP03-035,R,1,0,0,50,Red,Takane Lui
433,hBP03,鷹嶺ルイ,Takane Lui,hBP03-035,SR,1,0,0,420,Red,Takane Lui
434,hBP03,小鳥遊キアラ,Takanashi Kiara,hBP03-036,R,1,0,0,50,Red,Takanashi Kiara
435,hBP03,小鳥遊キアラ,Takanashi Kiara,hBP03-036,SR,1,0,0,420,Red,Takanashi Kiara
436,hBP03,モココ・アビスガード,Mococo Abyssgard,hBP03-037,C,0,0,0,120,Red,Mococo Abyssgard
437,hBP03,モココ・アビスガード,Mococo Abyssgard,hBP03-038,C,0,0,0,180,Red,Mococo Abyssgard
438,hBP03,モココ・アビスガード,Mococo Abyssgard,hBP03-038,S,1,0,0,1280,Red,Mococo Abyssgard
439,hBP03,モココ・アビスガード,Mococo Abyssgard,hBP03-039,R,1,0,0,80,Red,Mococo Abyssgard
440,hBP03,モココ・アビスガード,Mococo Abyssgard,hBP03-039,SR,1,0,0,420,Red,Mococo Abyssgard
441,hBP03,フワワ・アビスガード,Fuwawa Abyssgard,hBP03-040,C,0,0,0,120,Blue,Fuwawa Abyssgard
442,hBP03,フワワ・アビスガード,Fuwawa Abyssgard,hBP03-041,C,0,0,0,30,Blue,Fuwawa Abyssgard
443,hBP03,フワワ・アビスガード,Fuwawa Abyssgard,hBP03-041,S,1,0,0,220,Blue,Fuwawa Abyssgard
444,hBP03,フワワ・アビスガード,Fuwawa Abyssgard,hBP03-042,U,0,0,0,120,Blue,Fuwawa Abyssgard
445,hBP03,フワワ・アビスガード,Fuwawa Abyssgard,hBP03-042,S,1,0,0,1280,Blue,Fuwawa Abyssgard
446,hBP03,フワワ・アビスガード,Fuwawa Abyssgard,hBP03-043,RR,1,0,0,320,Blue,Fuwawa Abyssgard
447,hBP03,フワワ・アビスガード,Fuwawa Abyssgard,hBP03-043,SR,1,0,0,680,Blue,Fuwawa Abyssgard
448,hBP03,フワワ・アビスガード,Fuwawa Abyssgard,hBP03-043,UR,1,0,0,4980,Blue,Fuwawa Abyssgard
449,hBP03,星街すいせい,Hoshimachi Suisei,hBP03-044,R,1,0,0,180,Blue,Hoshimachi Suisei
450,hBP03,星街すいせい,Hoshimachi Suisei,hBP03-044,SR,1,0,0,1480,Blue,Hoshimachi Suisei
451,hBP03,こぼ・かなえる,Kobo Kanaeru,hBP03-045,R,1,0,0,50,Blue,Kobo Kanaeru
452,hBP03,こぼ・かなえる,Kobo Kanaeru,hBP03-045,SR,1,0,0,420,Blue,Kobo Kanaeru
453,hBP03,火威青,Hiodoshi Ao,hBP03-046,C,0,0,0,80,Blue,Hiodoshi Ao
454,hBP03,火威青,Hiodoshi Ao,hBP03-047,C,0,0,0,30,Blue,Hiodoshi Ao
455,hBP03,火威青,Hiodoshi Ao,hBP03-047,S,1,0,0,220,Blue,Hiodoshi Ao
456,hBP03,火威青,Hiodoshi Ao,hBP03-048,U,0,0,0,30,Blue,Hiodoshi Ao
457,hBP03,火威青,Hiodoshi Ao,hBP03-048,S,1,0,0,180,Blue,Hiodoshi Ao
458,hBP03,火威青,Hiodoshi Ao,hBP03-049,R,1,0,0,50,Blue,Hiodoshi Ao
459,hBP03,火威青,Hiodoshi Ao,hBP03-049,SR,1,0,0,420,Blue,Hiodoshi Ao
460,hBP03,フワモコ,FUWAMOCO,hBP03-050,R,1,0,0,180,"Blue,Red","Fuwawa Abyssgard, Mococo Abyssgard"
461,hBP03,フワモコ,FUWAMOCO,hBP03-050,SR,1,0,0,3480,"Blue,Red","Fuwawa Abyssgard, Mococo Abyssgard"
462,hBP03,常闇トワ,Tokoyami Towa,hBP03-051,C,0,0,0,120,Purple,Tokoyami Towa
463,hBP03,常闇トワ,Tokoyami Towa,hBP03-052,U,0,0,0,30,Purple,Tokoyami Towa
464,hBP03,常闇トワ,Tokoyami Towa,hBP03-052,S,1,0,0,180,Purple,Tokoyami Towa
465,hBP03,常闇トワ,Tokoyami Towa,hBP03-053,C,0,0,0,30,Purple,Tokoyami Towa
466,hBP03,常闇トワ,Tokoyami Towa,hBP03-053,S,1,0,0,420,Purple,Tokoyami Towa
467,hBP03,常闇トワ,Tokoyami Towa,hBP03-054,U,0,0,0,120,Purple,Tokoyami Towa
468,hBP03,常闇トワ,Tokoyami Towa,hBP03-054,S,1,0,0,420,Purple,Tokoyami Towa
469,hBP03,常闇トワ,Tokoyami Towa,hBP03-055,R,1,0,0,50,Purple,Tokoyami Towa
470,hBP03,常闇トワ,Tokoyami Towa,hBP03-055,SR,1,0,0,500,Purple,Tokoyami Towa
471,hBP03,常闇トワ,Tokoyami Towa,hBP03-056,RR,1,0,0,500,Purple,Tokoyami Towa
472,hBP03,常闇トワ,Tokoyami Towa,hBP03-056,SR,1,0,0,780,Purple,Tokoyami Towa
473,hBP03,常闇トワ,Tokoyami Towa,hBP03-056,UR,1,0,0,5980,Purple,Tokoyami Towa
474,hBP03,ロボ子さん,Roboco-san,hBP03-057,C,0,0,0,80,Purple,Roboco-san
475,hBP03,ロボ子さん,Roboco-san,hBP03-058,C,0,0,0,30,Purple,Roboco-san
476,hBP03,ロボ子さん,Roboco-san,hBP03-058,S,1,0,0,180,Purple,Roboco-san
477,hBP03,ロボ子さん,Roboco-san,hBP03-059,U,0,0,0,180,Purple,Roboco-san
478,hBP03,ロボ子さん,Roboco-san,hBP03-059,S,1,0,0,580,Purple,Roboco-san
479,hBP03,ロボ子さん,Roboco-san,hBP03-060,R,1,0,0,80,Purple,Roboco-san
480,hBP03,ロボ子さん,Roboco-san,hBP03-060,SR,1,0,0,500,Purple,Roboco-san
481,hBP03,戌神ころね,Inugami Korone,hBP03-061,C,0,0,0,80,Yellow,Inugami Korone
482,hBP03,戌神ころね,Inugami Korone,hBP03-062,U,0,0,0,80,Yellow,Inugami Korone
483,hBP03,戌神ころね,Inugami Korone,hBP03-062,S,1,0,0,320,Yellow,Inugami Korone
484,hBP03,戌神ころね,Inugami Korone,hBP03-063,C,0,0,0,80,Yellow,Inugami Korone
485,hBP03,戌神ころね,Inugami Korone,hBP03-063,S,1,0,0,680,Yellow,Inugami Korone
486,hBP03,戌神ころね,Inugami Korone,hBP03-064,U,0,0,0,50,Yellow,Inugami Korone
487,hBP03,戌神ころね,Inugami Korone,hBP03-064,S,1,0,0,320,Yellow,Inugami Korone
488,hBP03,戌神ころね,Inugami Korone,hBP03-065,R,1,0,0,180,Yellow,Inugami Korone
489,hBP03,戌神ころね,Inugami Korone,hBP03-065,SR,1,0,0,500,Yellow,Inugami Korone
490,hBP03,戌神ころね,Inugami Korone,hBP03-066,RR,1,0,0,120,Yellow,Inugami Korone
491,hBP03,戌神ころね,Inugami Korone,hBP03-066,SR,1,0,0,420,Yellow,Inugami Korone
492,hBP03,戌神ころね,Inugami Korone,hBP03-066,UR,1,0,0,3980,Yellow,Inugami Korone
493,hBP03,角巻わため,Tsunomaki Watame,hBP03-067,C,0,0,0,120,Yellow,Tsunomaki Watame
494,hBP03,角巻わため,Tsunomaki Watame,hBP03-068,U,0,0,0,30,Yellow,Tsunomaki Watame
495,hBP03,角巻わため,Tsunomaki Watame,hBP03-068,S,1,0,0,280,Yellow,Tsunomaki Watame
496,hBP03,角巻わため,Tsunomaki Watame,hBP03-069,C,0,0,0,30,Yellow,Tsunomaki Watame
497,hBP03,角巻わため,Tsunomaki Watame,hBP03-069,S,1,0,0,320,Yellow,Tsunomaki Watame
498,hBP03,角巻わため,Tsunomaki Watame,hBP03-070,U,0,0,0,120,Yellow,Tsunomaki Watame
499,hBP03,角巻わため,Tsunomaki Watame,hBP03-070,S,1,0,0,780,Yellow,Tsunomaki Watame
500,hBP03,角巻わため,Tsunomaki Watame,hBP03-071,R,1,0,0,50,Yellow,Tsunomaki Watame
501,hBP03,角巻わため,Tsunomaki Watame,hBP03-071,SR,1,0,0,420,Yellow,Tsunomaki Watame
502,hBP03,角巻わため,Tsunomaki Watame,hBP03-072,RR,1,0,0,220,Yellow,Tsunomaki Watame
503,hBP03,角巻わため,Tsunomaki Watame,hBP03-072,SR,1,0,0,500,Yellow,Tsunomaki Watame
504,hBP03,角巻わため,Tsunomaki Watame,hBP03-072,UR,1,0,0,3980,Yellow,Tsunomaki Watame
505,hBP03,アユンダ・リス,Ayunda Risu,hBP03-073,C,0,0,0,120,Yellow,Ayunda Risu
506,hBP03,アユンダ・リス,Ayunda Risu,hBP03-074,U,0,0,0,30,Yellow,Ayunda Risu
507,hBP03,アユンダ・リス,Ayunda Risu,hBP03-074,S,1,0,0,180,Yellow,Ayunda Risu
508,hBP03,アユンダ・リス,Ayunda Risu,hBP03-075,C,0,0,0,30,Yellow,Ayunda Risu
509,hBP03,アユンダ・リス,Ayunda Risu,hBP03-075,S,1,0,0,180,Yellow,Ayunda Risu
510,hBP03,アユンダ・リス,Ayunda Risu,hBP03-076,U,0,0,0,50,Yellow,Ayunda Risu
511,hBP03,アユンダ・リス,Ayunda Risu,hBP03-076,S,1,0,0,420,Yellow,Ayunda Risu
512,hBP03,アユンダ・リス,Ayunda Risu,hBP03-077,R,1,0,0,50,Yellow,Ayunda Risu
513,hBP03,アユンダ・リス,Ayunda Risu,hBP03-077,SR,1,0,0,420,Yellow,Ayunda Risu
514,hBP03,アユンダ・リス,Ayunda Risu,hBP03-078,RR,1,0,0,120,Yellow,Ayunda Risu
515,hBP03,アユンダ・リス,Ayunda Risu,hBP03-078,SR,1,0,0,420,Yellow,Ayunda Risu
516,hBP03,アユンダ・リス,Ayunda Risu,hBP03-078,UR,1,0,0,1280,Yellow,Ayunda Risu
517,hBP03,不知火フレア,Shiranui Flare,hBP03-079,RR,1,0,0,180,Yellow,Shiranui Flare
518,hBP03,不知火フレア,Shiranui Flare,hBP03-079,SR,1,0,0,580,Yellow,Shiranui Flare
519,hBP03,不知火フレア,Shiranui Flare,hBP03-079,UR,1,0,0,2480,Yellow,Shiranui Flare
520,hBP03,音乃瀬奏,Otonose Kanade,hBP03-080,C,0,0,0,80,Yellow,Otonose Kanade
521,hBP03,音乃瀬奏,Otonose Kanade,hBP03-081,C,0,0,0,30,Yellow,Otonose Kanade
522,hBP03,音乃瀬奏,Otonose Kanade,hBP03-081,S,1,0,0,320,Yellow,Otonose Kanade
523,hBP03,音乃瀬奏,Otonose Kanade,hBP03-082,U,0,0,0,30,Yellow,Otonose Kanade
524,hBP03,音乃瀬奏,Otonose Kanade,hBP03-082,S,1,0,0,320,Yellow,Otonose Kanade
525,hBP03,音乃瀬奏,Otonose Kanade,hBP03-083,R,1,0,0,80,Yellow,Otonose Kanade
526,hBP03,音乃瀬奏,Otonose Kanade,hBP03-083,SR,1,0,0,1280,Yellow,Otonose Kanade
527,hBP03,ゴージャスパソコン,Gorgeous PC,hBP03-084,U,0,0,0,30,Support,Ayunda Risu
528,hBP03,ゴージャスパソコン,Gorgeous PC,hBP03-084,S,1,0,0,120,Support,Ayunda Risu
529,hBP03,スーパーパソコン,Super PC,hBP03-085,U,0,0,0,80,Support,Sakura Miko
530,hBP03,スーパーパソコン,Super PC,hBP03-085,S,1,0,0,180,Support,Sakura Miko
531,hBP03,デュアルモニターパソコン,Dual-Monitor PC,hBP03-086,C,0,0,0,80,Support,"Fuwawa Abyssgard, Mococo Abyssgard"
532,hBP03,デュアルモニターパソコン,Dual-Monitor PC,hBP03-086,S,1,0,0,180,Support,"Fuwawa Abyssgard, Mococo Abyssgard"
533,hBP03,コールアンドレスポンス,Call and Response,hBP03-087,C,0,0,0,30,Support,Oozora Subaru
534,hBP03,コールアンドレスポンス,Call and Response,hBP03-087,S,1,0,0,180,Support,Oozora Subaru
535,hBP03,凸待ち,Totsumachi,hBP03-088,U,0,0,0,220,Support,"Tokoyami Towa, La+ Darknesss"
536,hBP03,凸待ち,Totsumachi,hBP03-088,S,1,0,0,1780,Support,"Tokoyami Towa, La+ Darknesss"
537,hBP03,ファンミーティング,Fan Meeting,hBP03-089,U,0,0,0,30,Support,
538,hBP03,ファンミーティング,Fan Meeting,hBP03-089,S,1,0,0,180,Support,
539,hBP03,ホロライブ言えるかな？,Can You Do the hololive?,hBP03-090,U,0,0,0,220,Support,Tsunomaki Watame
540,hBP03,ホロライブ言えるかな？,Can You Do the hololive?,hBP03-090,S,1,0,0,980,Support,Tsunomaki Watame
541,hBP03,ホロライブインドネシア1期生,hololive Indonesia Gen 1,hBP03-091,U,0,0,0,30,Support,"Ayunda Risu, Moona Hoshinova, Airani Iofifteen"
542,hBP03,ホロライブインドネシア1期生,hololive Indonesia Gen 1,hBP03-091,S,1,0,0,220,Support,"Ayunda Risu, Moona Hoshinova, Airani Iofifteen"
543,hBP03,ホロライブ0期性,hololive Gen 0,hBP03-092,U,0,0,0,80,Support,"Hoshimachi Suisei, AZKi, Tokino Sora, Sakura Miko, Roboco-san"
544,hBP03,ホロライブ0期性,hololive Gen 0,hBP03-092,S,1,0,0,220,Support,"Hoshimachi Suisei, AZKi, Tokino Sora, Sakura Miko, Roboco-san"
545,hBP03,ホロライブ4期生,hololive Gen 4,hBP03-093,U,0,0,0,50,Support,"Amane Kanata, Tsunomaki Watame, Tokoyami Towa, Himemori Luna"
546,hBP03,ホロライブ4期生,hololive Gen 4,hBP03-093,S,1,0,0,280,Support,"Amane Kanata, Tsunomaki Watame, Tokoyami Towa, Himemori Luna"
547,hBP03,FPS配信,FPS Stream,hBP03-094,U,0,0,0,50,Support,Tokoyami Towa
548,hBP03,FPS配信,FPS Stream,hBP03-094,S,1,0,0,180,Support,Tokoyami Towa
549,hBP03,ホロキャップ,holoCap,hBP03-095,C,0,0,0,30,Support,Sakura Miko
550,hBP03,ホロキャップ,holoCap,hBP03-095,S,1,0,0,220,Support,Sakura Miko
551,hBP03,ライフル,Rifle,hBP03-096,U,0,0,0,120,Support,Shishiro Botan
552,hBP03,ライフル,Rifle,hBP03-096,S,1,0,0,680,Support,Shishiro Botan
553,hBP03,リコーダー,Recorder,hBP03-097,C,0,0,0,30,Support,Otonose Kanade
554,hBP03,リコーダー,Recorder,hBP03-097,S,1,0,0,420,Support,Otonose Kanade
555,hBP03,金時,Kintoki,hBP03-098,U,0,0,0,50,Support,Sakura Miko
556,hBP03,金時,Kintoki,hBP03-098,S,1,0,0,280,Support,Sakura Miko
557,hBP03,マグチ,Maguchi,hBP03-099,C,0,0,0,30,Support,Sakura Miko
558,hBP03,マグチ,Maguchi,hBP03-099,S,1,0,0,220,Support,Sakura Miko
559,hBP03,ペロ,Pero,hBP03-100,C,0,0,0,30,Support,"Fuwawa Abyssgard, Mococo Abyssgard"
560,hBP03,ペロ,Pero,hBP03-100,S,1,0,0,420,Support,"Fuwawa Abyssgard, Mococo Abyssgard"
561,hBP03,ビビ,Bibi,hBP03-101,C,0,0,0,30,Support,Tokoyami Towa
562,hBP03,ビビ,Bibi,hBP03-101,S,1,0,0,320,Support,Tokoyami Towa
563,hBP03,フトイヌ,Futoinu,hBP03-102,U,0,0,0,120,Support,Inugami Korone
564,hBP03,フトイヌ,Futoinu,hBP03-102,S,1,0,0,500,Support,Inugami Korone
565,hBP03,ホソイヌ,Hosoinu,hBP03-103,C,0,0,0,30,Support,Inugami Korone
566,hBP03,ホソイヌ,Hosoinu,hBP03-103,S,1,0,0,180,Support,Inugami Korone
567,hBP03,Riscot,Riscot,hBP03-104,C,0,0,0,30,Support,Ayunda Risu
568,hBP03,Riscot,Riscot,hBP03-104,S,1,0,0,180,Support,Ayunda Risu
569,hBP03,ルーナイト,Lu-knights,hBP03-105,U,0,0,0,50,Support,Himemori Luna
570,hBP03,ルーナイト,Lu-knights,hBP03-105,S,1,0,0,280,Support,Himemori Luna
571,hBP03,SSRB,SSRB,hBP03-106,C,0,0,0,30,Support,Shishiro Botan
572,hBP03,SSRB,SSRB,hBP03-106,S,1,0,0,280,Support,Shishiro Botan
573,hBP03,35P,35P,hBP03-107,U,0,0,0,50,Support,Sakura Miko
574,hBP03,35P,35P,hBP03-107,S,1,0,0,420,Support,Sakura Miko
575,hBP03,はあとん,Haaton,hBP03-108,C,0,0,0,30,Support,Akai Haato
576,hBP03,はあとん,Haaton,hBP03-108,S,1,0,0,120,Support,Akai Haato
577,hBP03,Ruffians,Ruffians,hBP03-109,C,0,0,0,30,Support,"Fuwawa Abyssgard, Mococo Abyssgard"
578,hBP03,Ruffians,Ruffians,hBP03-109,S,1,0,0,120,Support,"Fuwawa Abyssgard, Mococo Abyssgard"
579,hBP03,ろぼさー,Roboser,hBP03-110,U,0,0,0,30,Support,Roboco-san
580,hBP03,ろぼさー,Roboser,hBP03-110,S,1,0,0,780,Support,Roboco-san
581,hBP03,ころねすきー,Koronesky,hBP03-111,C,0,0,0,30,Support,Inugami Korone
582,hBP03,ころねすきー,Koronesky,hBP03-111,S,1,0,0,180,Support,Inugami Korone
583,hBP03,わためいと,Watamates,hBP03-112,U,0,0,0,50,Support,Tsunomaki Watame
584,hBP03,わためいと,Watamates,hBP03-112,S,1,0,0,320,Support,Tsunomaki Watame
585,hBP03,Risuners,Risuners,hBP03-113,C,0,0,0,30,Support,Ayunda Risu
586,hBP03,Risuners,Risuners,hBP03-113,S,1,0,0,120,Support,Ayunda Risu
1495,hBP03,白エール,White Cheer,hY01-004,SY,1,0,0,1480,White,Himemori Luna
1496,hBP03,緑エール,Green Cheer,hY02-003,SY,1,0,0,3480,Green,Kazama Iroha
1497,hBP03,赤エール,Red Cheer,hY03-003,SY,1,0,0,1980,Red,Sakura Miko
1498,hBP03,青エール,Blue Cheer,hY04-003,SY,1,0,0,3480,Blue,Hoshimachi Suisei
1499,hBP03,紫エール,Purple Cheer,hY05-003,SY,1,0,0,2480,Purple,Tokoyami Towa
1500,hBP03,黄エール,Yellow Cheer,hY06-002,SY,1,0,0,2480,Yellow,Tsunomaki Watame
587,hBP03,轟はじめ,Todoroki Hajime,hSD05-009,SR,1,0,1,420,White,Todoroki Hajime
588,hBP03,風真いろは,Kazama Iroha,hSD06-007,SR,1,0,1,580,Green,Kazama Iroha
589,hBP03,不知火フレア,Shiranui Flare,hSD07-009,SR,1,0,1,320,Yellow,Shiranui Flare
590,hBP04,博衣こより,Hakui Koyori,hBP04-001,OSR,1,0,0,500,White,Hakui Koyori
591,hBP04,博衣こより,Hakui Koyori,hBP04-001,OUR,1,0,0,12800,White,Hakui Koyori
592,hBP04,博衣こより,Hakui Koyori,hBP04-001,SEC,1,1,0,79800,White,Hakui Koyori
593,hBP04,儒烏風亭らでん,Juufuutei Raden,hBP04-002,OSR,1,0,0,1480,Green,Juufuutei Raden
594,hBP04,儒烏風亭らでん,Juufuutei Raden,hBP04-002,OUR,1,0,0,29800,Green,Juufuutei Raden
595,hBP04,一条莉々華,Ichijou Ririka,hBP04-003,OSR,1,0,0,320,Red,Ichijou Ririka
596,hBP04,一条莉々華,Ichijou Ririka,hBP04-003,OUR,1,0,0,12800,Red,Ichijou Ririka
597,hBP04,雪花ラミィ,Yukihana Lamy,hBP04-004,OSR,1,0,0,580,Blue,Yukihana Lamy
598,hBP04,雪花ラミィ,Yukihana Lamy,hBP04-004,OUR,1,0,0,12800,Blue,Yukihana Lamy
599,hBP04,雪花ラミィ,Yukihana Lamy,hBP04-004,SEC,1,1,0,79800,Blue,Yukihana Lamy
600,hBP04,ラプラス・ダークネス,La+ Darknesss,hBP04-005,OSR,1,0,0,580,Purple,La+ Darknesss
601,hBP04,ラプラス・ダークネス,La+ Darknesss,hBP04-005,OUR,1,0,0,8980,Purple,La+ Darknesss
602,hBP04,ラプラス・ダークネス,La+ Darknesss,hBP04-005,SEC,1,1,0,59800,Purple,La+ Darknesss
603,hBP04,大空スバル,Oozora Subaru,hBP04-006,OSR,1,0,0,680,Yellow,Oozora Subaru
604,hBP04,大空スバル,Oozora Subaru,hBP04-006,OUR,1,0,0,12800,Yellow,Oozora Subaru
605,hBP04,大空スバル,Oozora Subaru,hBP04-006,SEC,1,1,0,79800,Yellow,Oozora Subaru
606,hBP04,アーニャ・メルフィッサ,Anya Melfissa,hBP04-007,OSR,1,0,0,220,Yellow,Anya Melfissa
607,hBP04,アーニャ・メルフィッサ,Anya Melfissa,hBP04-007,OUR,1,0,0,4980,Yellow,Anya Melfissa
608,hBP04,博衣こより,Hakui Koyori,hBP04-008,C,0,0,0,80,White,Hakui Koyori
609,hBP04,博衣こより,Hakui Koyori,hBP04-009,U,0,0,0,180,White,Hakui Koyori
610,hBP04,博衣こより,Hakui Koyori,hBP04-009,S,1,0,0,220,White,Hakui Koyori
611,hBP04,博衣こより,Hakui Koyori,hBP04-010,C,0,0,0,30,White,Hakui Koyori
612,hBP04,博衣こより,Hakui Koyori,hBP04-010,S,1,0,0,680,White,Hakui Koyori
613,hBP04,博衣こより,Hakui Koyori,hBP04-011,U,0,0,0,50,White,Hakui Koyori
614,hBP04,博衣こより,Hakui Koyori,hBP04-011,S,1,0,0,320,White,Hakui Koyori
615,hBP04,博衣こより,Hakui Koyori,hBP04-012,R,1,0,0,120,White,Hakui Koyori
616,hBP04,博衣こより,Hakui Koyori,hBP04-012,SR,1,0,0,980,White,Hakui Koyori
617,hBP04,博衣こより,Hakui Koyori,hBP04-013,RR,1,0,0,180,White,Hakui Koyori
618,hBP04,博衣こより,Hakui Koyori,hBP04-013,SR,1,0,0,580,White,Hakui Koyori
619,hBP04,博衣こより,Hakui Koyori,hBP04-013,UR,1,0,0,4980,White,Hakui Koyori
620,hBP04,白上フブキ,Shirakami Fubuki,hBP04-014,R,1,0,0,120,White,Shirakami Fubuki
621,hBP04,白上フブキ,Shirakami Fubuki,hBP04-014,SR,1,0,0,980,White,Shirakami Fubuki
622,hBP04,IRyS,IRyS,hBP04-015,R,1,0,0,50,White,IRyS
623,hBP04,IRyS,IRyS,hBP04-015,SR,1,0,0,420,White,IRyS
624,hBP04,ラオーラ・パンテーラ,Raora Panthera,hBP04-016,C,0,0,0,30,White,Raora Panthera
625,hBP04,ラオーラ・パンテーラ,Raora Panthera,hBP04-017,C,0,0,0,30,White,Raora Panthera
626,hBP04,ラオーラ・パンテーラ,Raora Panthera,hBP04-017,S,1,0,0,320,White,Raora Panthera
627,hBP04,ラオーラ・パンテーラ,Raora Panthera,hBP04-018,U,0,0,0,120,White,Raora Panthera
628,hBP04,ラオーラ・パンテーラ,Raora Panthera,hBP04-018,S,1,0,0,980,White,Raora Panthera
629,hBP04,ラオーラ・パンテーラ,Raora Panthera,hBP04-019,R,1,0,0,120,White,Raora Panthera
630,hBP04,ラオーラ・パンテーラ,Raora Panthera,hBP04-019,SR,1,0,0,680,White,Raora Panthera
631,hBP04,儒烏風亭らでん,Juufuutei Raden,hBP04-020,C,0,0,0,80,Green,Juufuutei Raden
632,hBP04,儒烏風亭らでん,Juufuutei Raden,hBP04-021,U,0,0,0,80,Green,Juufuutei Raden
633,hBP04,儒烏風亭らでん,Juufuutei Raden,hBP04-021,S,1,0,0,180,Green,Juufuutei Raden
634,hBP04,儒烏風亭らでん,Juufuutei Raden,hBP04-022,C,0,0,0,30,Green,Juufuutei Raden
635,hBP04,儒烏風亭らでん,Juufuutei Raden,hBP04-022,S,1,0,0,220,Green,Juufuutei Raden
636,hBP04,儒烏風亭らでん,Juufuutei Raden,hBP04-023,U,0,0,0,50,Green,Juufuutei Raden
637,hBP04,儒烏風亭らでん,Juufuutei Raden,hBP04-023,S,1,0,0,320,Green,Juufuutei Raden
638,hBP04,儒烏風亭らでん,Juufuutei Raden,hBP04-024,R,1,0,0,120,Green,Juufuutei Raden
639,hBP04,儒烏風亭らでん,Juufuutei Raden,hBP04-024,SR,1,0,0,580,Green,Juufuutei Raden
640,hBP04,儒烏風亭らでん,Juufuutei Raden,hBP04-025,RR,1,0,0,420,Green,Juufuutei Raden
641,hBP04,儒烏風亭らでん,Juufuutei Raden,hBP04-025,SR,1,0,0,680,Green,Juufuutei Raden
642,hBP04,儒烏風亭らでん,Juufuutei Raden,hBP04-025,UR,1,0,0,7980,Green,Juufuutei Raden
643,hBP04,大神ミオ,Ookami Mio,hBP04-026,R,1,0,0,80,Green,Ookami Mio
644,hBP04,大神ミオ,Ookami Mio,hBP04-026,SR,1,0,0,680,Green,Ookami Mio
645,hBP04,パヴォリア・レイネ,Pavolia Reine,hBP04-027,R,1,0,0,80,Green,Pavolia Reine
646,hBP04,パヴォリア・レイネ,Pavolia Reine,hBP04-027,SR,1,0,0,320,Green,Pavolia Reine
647,hBP04,セシリア・イマーグリーン,Cecilia Immergreen,hBP04-028,C,0,0,0,30,Green,Cecilia Immergreen
648,hBP04,セシリア・イマーグリーン,Cecilia Immergreen,hBP04-029,C,0,0,0,30,Green,Cecilia Immergreen
649,hBP04,セシリア・イマーグリーン,Cecilia Immergreen,hBP04-029,S,1,0,0,180,Green,Cecilia Immergreen
650,hBP04,セシリア・イマーグリーン,Cecilia Immergreen,hBP04-030,U,0,0,0,50,Green,Cecilia Immergreen
651,hBP04,セシリア・イマーグリーン,Cecilia Immergreen,hBP04-030,S,1,0,0,280,Green,Cecilia Immergreen
652,hBP04,セシリア・イマーグリーン,Cecilia Immergreen,hBP04-031,R,1,0,0,50,Green,Cecilia Immergreen
653,hBP04,セシリア・イマーグリーン,Cecilia Immergreen,hBP04-031,SR,1,0,0,580,Green,Cecilia Immergreen
654,hBP04,一条莉々華,Ichijou Ririka,hBP04-032,C,0,0,0,80,Red,Ichijou Ririka
655,hBP04,一条莉々華,Ichijou Ririka,hBP04-033,U,0,0,0,50,Red,Ichijou Ririka
656,hBP04,一条莉々華,Ichijou Ririka,hBP04-033,S,1,0,0,280,Red,Ichijou Ririka
657,hBP04,一条莉々華,Ichijou Ririka,hBP04-034,C,0,0,0,30,Red,Ichijou Ririka
658,hBP04,一条莉々華,Ichijou Ririka,hBP04-034,S,1,0,0,280,Red,Ichijou Ririka
659,hBP04,一条莉々華,Ichijou Ririka,hBP04-035,U,0,0,0,50,Red,Ichijou Ririka
660,hBP04,一条莉々華,Ichijou Ririka,hBP04-035,S,1,0,0,320,Red,Ichijou Ririka
661,hBP04,一条莉々華,Ichijou Ririka,hBP04-036,R,1,0,0,80,Red,Ichijou Ririka
662,hBP04,一条莉々華,Ichijou Ririka,hBP04-036,SR,1,0,0,680,Red,Ichijou Ririka
663,hBP04,一条莉々華,Ichijou Ririka,hBP04-037,RR,1,0,0,120,Red,Ichijou Ririka
664,hBP04,一条莉々華,Ichijou Ririka,hBP04-037,SR,1,0,0,320,Red,Ichijou Ririka
665,hBP04,一条莉々華,Ichijou Ririka,hBP04-037,UR,1,0,0,4980,Red,Ichijou Ririka
666,hBP04,宝鐘マリン,Houshou Marine,hBP04-038,R,1,0,0,80,Red,Houshou Marine
667,hBP04,宝鐘マリン,Houshou Marine,hBP04-038,SR,1,0,0,780,Red,Houshou Marine
668,hBP04,カエラ・コヴァルスキア,Kaela Kovalskia,hBP04-039,C,0,0,0,30,Red,Kaela Kovalskia
669,hBP04,カエラ・コヴァルスキア,Kaela Kovalskia,hBP04-040,C,0,0,0,30,Red,Kaela Kovalskia
670,hBP04,カエラ・コヴァルスキア,Kaela Kovalskia,hBP04-040,S,1,0,0,180,Red,Kaela Kovalskia
671,hBP04,カエラ・コヴァルスキア,Kaela Kovalskia,hBP04-041,U,0,0,0,120,Red,Kaela Kovalskia
672,hBP04,カエラ・コヴァルスキア,Kaela Kovalskia,hBP04-041,S,1,0,0,980,Red,Kaela Kovalskia
673,hBP04,カエラ・コヴァルスキア,Kaela Kovalskia,hBP04-042,RR,1,0,0,220,Red,Kaela Kovalskia
674,hBP04,カエラ・コヴァルスキア,Kaela Kovalskia,hBP04-042,SR,1,0,0,420,Red,Kaela Kovalskia
675,hBP04,カエラ・コヴァルスキア,Kaela Kovalskia,hBP04-042,UR,1,0,0,1780,Red,Kaela Kovalskia
676,hBP04,雪花ラミィ,Yukihana Lamy,hBP04-043,C,0,0,0,80,Blue,Yukihana Lamy
677,hBP04,雪花ラミィ,Yukihana Lamy,hBP04-044,U,0,0,0,80,Blue,Yukihana Lamy
678,hBP04,雪花ラミィ,Yukihana Lamy,hBP04-044,S,1,0,0,320,Blue,Yukihana Lamy
679,hBP04,雪花ラミィ,Yukihana Lamy,hBP04-045,C,0,0,0,30,Blue,Yukihana Lamy
680,hBP04,雪花ラミィ,Yukihana Lamy,hBP04-045,S,1,0,0,220,Blue,Yukihana Lamy
681,hBP04,雪花ラミィ,Yukihana Lamy,hBP04-046,U,0,0,0,50,Blue,Yukihana Lamy
682,hBP04,雪花ラミィ,Yukihana Lamy,hBP04-046,S,1,0,0,320,Blue,Yukihana Lamy
683,hBP04,雪花ラミィ,Yukihana Lamy,hBP04-047,R,1,0,0,50,Blue,Yukihana Lamy
684,hBP04,雪花ラミィ,Yukihana Lamy,hBP04-047,SR,1,0,0,580,Blue,Yukihana Lamy
685,hBP04,雪花ラミィ,Yukihana Lamy,hBP04-048,RR,1,0,0,180,Blue,Yukihana Lamy
686,hBP04,雪花ラミィ,Yukihana Lamy,hBP04-048,SR,1,0,0,580,Blue,Yukihana Lamy
687,hBP04,雪花ラミィ,Yukihana Lamy,hBP04-048,UR,1,0,0,5980,Blue,Yukihana Lamy
688,hBP04,ムーナ・ホシノヴァ,Moona Hoshinova,hBP04-049,R,1,0,0,50,Blue,Moona Hoshinova
689,hBP04,ムーナ・ホシノヴァ,Moona Hoshinova,hBP04-049,SR,1,0,0,320,Blue,Moona Hoshinova
690,hBP04,シオリ・ノヴェラ,Shiori Novella,hBP04-050,C,0,0,0,30,Blue,Shiori Novella
691,hBP04,シオリ・ノヴェラ,Shiori Novella,hBP04-051,C,0,0,0,30,Blue,Shiori Novella
692,hBP04,シオリ・ノヴェラ,Shiori Novella,hBP04-051,S,1,0,0,180,Blue,Shiori Novella
693,hBP04,シオリ・ノヴェラ,Shiori Novella,hBP04-052,U,0,0,0,50,Blue,Shiori Novella
694,hBP04,シオリ・ノヴェラ,Shiori Novella,hBP04-052,S,1,0,0,220,Blue,Shiori Novella
695,hBP04,シオリ・ノヴェラ,Shiori Novella,hBP04-053,RR,1,0,0,220,Blue,Shiori Novella
696,hBP04,シオリ・ノヴェラ,Shiori Novella,hBP04-053,SR,1,0,0,780,Blue,Shiori Novella
697,hBP04,シオリ・ノヴェラ,Shiori Novella,hBP04-053,UR,1,0,0,3980,Blue,Shiori Novella
698,hBP04,ラプラス・ダークネス,La+ Darknesss,hBP04-054,C,0,0,0,50,Purple,La+ Darknesss
699,hBP04,ラプラス・ダークネス,La+ Darknesss,hBP04-054,S,1,0,0,1280,Purple,La+ Darknesss
700,hBP04,ラプラス・ダークネス,La+ Darknesss,hBP04-055,U,0,0,0,80,Purple,La+ Darknesss
701,hBP04,ラプラス・ダークネス,La+ Darknesss,hBP04-055,S,1,0,0,320,Purple,La+ Darknesss
702,hBP04,ラプラス・ダークネス,La+ Darknesss,hBP04-056,C,0,0,0,30,Purple,La+ Darknesss
703,hBP04,ラプラス・ダークネス,La+ Darknesss,hBP04-056,S,1,0,0,280,Purple,La+ Darknesss
704,hBP04,ラプラス・ダークネス,La+ Darknesss,hBP04-057,U,0,0,0,120,Purple,La+ Darknesss
705,hBP04,ラプラス・ダークネス,La+ Darknesss,hBP04-057,S,1,0,0,980,Purple,La+ Darknesss
706,hBP04,ラプラス・ダークネス,La+ Darknesss,hBP04-058,R,1,0,0,50,Purple,La+ Darknesss
707,hBP04,ラプラス・ダークネス,La+ Darknesss,hBP04-058,SR,1,0,0,420,Purple,La+ Darknesss
708,hBP04,ラプラス・ダークネス,La+ Darknesss,hBP04-059,RR,1,0,0,220,Purple,La+ Darknesss
709,hBP04,ラプラス・ダークネス,La+ Darknesss,hBP04-059,SR,1,0,0,680,Purple,La+ Darknesss
710,hBP04,ラプラス・ダークネス,La+ Darknesss,hBP04-059,UR,1,0,0,2980,Purple,La+ Darknesss
711,hBP04,紫咲シオン,Murasaki Shion,hBP04-060,R,1,0,0,50,Purple,Murasaki Shion
712,hBP04,紫咲シオン,Murasaki Shion,hBP04-060,SR,1,0,0,420,Purple,Murasaki Shion
713,hBP04,クレイジー・オリー,Kureiji Ollie,hBP04-061,R,1,0,0,50,Purple,Kureiji Ollie
714,hBP04,クレイジー・オリー,Kureiji Ollie,hBP04-061,SR,1,0,0,420,Purple,Kureiji Ollie
715,hBP04,森カリオペ,Mori Calliope,hBP04-062,R,1,0,0,80,Purple,Mori Calliope
716,hBP04,森カリオペ,Mori Calliope,hBP04-062,SR,1,0,0,420,Purple,Mori Calliope
717,hBP04,古石ビジュー,Koseki Bijou,hBP04-063,C,0,0,0,50,Purple,Koseki Bijou
718,hBP04,古石ビジュー,Koseki Bijou,hBP04-064,C,0,0,0,50,Purple,Koseki Bijou
719,hBP04,古石ビジュー,Koseki Bijou,hBP04-064,S,1,0,0,220,Purple,Koseki Bijou
720,hBP04,古石ビジュー,Koseki Bijou,hBP04-065,U,0,0,0,80,Purple,Koseki Bijou
721,hBP04,古石ビジュー,Koseki Bijou,hBP04-065,S,1,0,0,500,Purple,Koseki Bijou
722,hBP04,古石ビジュー,Koseki Bijou,hBP04-066,RR,1,0,0,120,Purple,Koseki Bijou
723,hBP04,古石ビジュー,Koseki Bijou,hBP04-066,SR,1,0,0,500,Purple,Koseki Bijou
724,hBP04,古石ビジュー,Koseki Bijou,hBP04-066,UR,1,0,0,3480,Purple,Koseki Bijou
725,hBP04,大空スバル,Oozora Subaru,hBP04-067,C,0,0,0,120,Yellow,Oozora Subaru
726,hBP04,大空スバル,Oozora Subaru,hBP04-068,U,0,0,0,80,Yellow,Oozora Subaru
727,hBP04,大空スバル,Oozora Subaru,hBP04-068,S,1,0,0,320,Yellow,Oozora Subaru
728,hBP04,大空スバル,Oozora Subaru,hBP04-069,C,0,0,0,30,Yellow,Oozora Subaru
729,hBP04,大空スバル,Oozora Subaru,hBP04-069,S,1,0,0,280,Yellow,Oozora Subaru
730,hBP04,大空スバル,Oozora Subaru,hBP04-070,U,0,0,0,50,Yellow,Oozora Subaru
731,hBP04,大空スバル,Oozora Subaru,hBP04-070,S,1,0,0,420,Yellow,Oozora Subaru
732,hBP04,大空スバル,Oozora Subaru,hBP04-071,R,1,0,0,180,Yellow,Oozora Subaru
733,hBP04,大空スバル,Oozora Subaru,hBP04-071,SR,1,0,0,500,Yellow,Oozora Subaru
734,hBP04,大空スバル,Oozora Subaru,hBP04-072,RR,1,0,0,220,Yellow,Oozora Subaru
735,hBP04,大空スバル,Oozora Subaru,hBP04-072,SR,1,0,0,500,Yellow,Oozora Subaru
736,hBP04,大空スバル,Oozora Subaru,hBP04-072,UR,1,0,0,5980,Yellow,Oozora Subaru
737,hBP04,アーニャ・メルフィッサ,Anya Melfissa,hBP04-073,C,0,0,0,50,Yellow,Anya Melfissa
738,hBP04,アーニャ・メルフィッサ,Anya Melfissa,hBP04-074,U,0,0,0,50,Yellow,Anya Melfissa
739,hBP04,アーニャ・メルフィッサ,Anya Melfissa,hBP04-074,S,1,0,0,280,Yellow,Anya Melfissa
740,hBP04,アーニャ・メルフィッサ,Anya Melfissa,hBP04-075,C,0,0,0,30,Yellow,Anya Melfissa
741,hBP04,アーニャ・メルフィッサ,Anya Melfissa,hBP04-075,S,1,0,0,280,Yellow,Anya Melfissa
742,hBP04,アーニャ・メルフィッサ,Anya Melfissa,hBP04-076,U,0,0,0,50,Yellow,Anya Melfissa
743,hBP04,アーニャ・メルフィッサ,Anya Melfissa,hBP04-076,S,1,0,0,280,Yellow,Anya Melfissa
744,hBP04,アーニャ・メルフィッサ,Anya Melfissa,hBP04-077,R,1,0,0,50,Yellow,Anya Melfissa
745,hBP04,アーニャ・メルフィッサ,Anya Melfissa,hBP04-077,SR,1,0,0,420,Yellow,Anya Melfissa
746,hBP04,アーニャ・メルフィッサ,Anya Melfissa,hBP04-078,RR,1,0,0,120,Yellow,Anya Melfissa
747,hBP04,アーニャ・メルフィッサ,Anya Melfissa,hBP04-078,SR,1,0,0,320,Yellow,Anya Melfissa
748,hBP04,アーニャ・メルフィッサ,Anya Melfissa,hBP04-078,UR,1,0,0,1280,Yellow,Anya Melfissa
749,hBP04,夏色まつり,Natsuiro Matsuri,hBP04-079,C,0,0,0,50,Yellow,Natsuiro Matsuri
750,hBP04,夏色まつり,Natsuiro Matsuri,hBP04-080,C,0,0,0,30,Yellow,Natsuiro Matsuri
751,hBP04,夏色まつり,Natsuiro Matsuri,hBP04-080,S,1,0,0,280,Yellow,Natsuiro Matsuri
752,hBP04,夏色まつり,Natsuiro Matsuri,hBP04-081,U,0,0,0,80,Yellow,Natsuiro Matsuri
753,hBP04,夏色まつり,Natsuiro Matsuri,hBP04-081,S,1,0,0,420,Yellow,Natsuiro Matsuri
754,hBP04,夏色まつり,Natsuiro Matsuri,hBP04-082,RR,1,0,0,180,Yellow,Natsuiro Matsuri
755,hBP04,夏色まつり,Natsuiro Matsuri,hBP04-082,SR,1,0,0,320,Yellow,Natsuiro Matsuri
756,hBP04,夏色まつり,Natsuiro Matsuri,hBP04-082,UR,1,0,0,1980,Yellow,Natsuiro Matsuri
757,hBP04,桃鈴ねね,Momosuzu Nene,hBP04-083,C,0,0,0,50,Yellow,Momosuzu Nene
758,hBP04,桃鈴ねね,Momosuzu Nene,hBP04-084,C,0,0,0,30,Yellow,Momosuzu Nene
759,hBP04,桃鈴ねね,Momosuzu Nene,hBP04-084,S,1,0,0,280,Yellow,Momosuzu Nene
760,hBP04,桃鈴ねね,Momosuzu Nene,hBP04-085,U,0,0,0,120,Yellow,Momosuzu Nene
761,hBP04,桃鈴ねね,Momosuzu Nene,hBP04-085,S,1,0,0,580,Yellow,Momosuzu Nene
762,hBP04,桃鈴ねね,Momosuzu Nene,hBP04-086,RR,1,0,0,120,Yellow,Momosuzu Nene
763,hBP04,桃鈴ねね,Momosuzu Nene,hBP04-086,SR,1,0,0,320,Yellow,Momosuzu Nene
764,hBP04,桃鈴ねね,Momosuzu Nene,hBP04-086,UR,1,0,0,1480,Yellow,Momosuzu Nene
765,hBP04,エリザベス・ローズ・ブラッドフレイム,Elizabeth Rose Bloodflame,hBP04-087,C,0,0,0,30,White,Elizabeth Rose Bloodflame
766,hBP04,エリザベス・ローズ・ブラッドフレイム,Elizabeth Rose Bloodflame,hBP04-087,S,1,0,0,180,White,Elizabeth Rose Bloodflame
767,hBP04,ジジ・ムリン,Gigi Murin,hBP04-088,C,0,0,0,80,White,Gigi Murin
768,hBP04,ジジ・ムリン,Gigi Murin,hBP04-088,S,1,0,0,180,White,Gigi Murin
769,hBP04,ツートンカラーパソコン,Two-Tone PC,hBP04-089,U,0,0,0,80,Support,"La+ Darknesss, Hakui Koyori"
770,hBP04,ツートンカラーパソコン,Two-Tone PC,hBP04-089,S,1,0,0,980,Support,"La+ Darknesss, Hakui Koyori"
771,hBP04,作業用パソコン,Work PC,hBP04-090,U,0,0,0,120,Support,Yukihana Lamy
772,hBP04,作業用パソコン,Work PC,hBP04-090,S,1,0,0,220,Support,Yukihana Lamy
773,hBP04,限界飯,Struggle Meal,hBP04-091,U,0,0,0,50,Support,Ichijou Ririka
774,hBP04,限界飯,Struggle Meal,hBP04-091,S,1,0,0,680,Support,Ichijou Ririka
775,hBP04,ねぽらぼ,NePoLaBo,hBP04-092,U,0,0,0,50,Support,"Omaru Polka, Shishiro Botan, Yukihana Lamy, Momosuzu Nene"
776,hBP04,ねぽらぼ,NePoLaBo,hBP04-092,S,1,0,0,220,Support,"Omaru Polka, Shishiro Botan, Yukihana Lamy, Momosuzu Nene"
777,hBP04,ホロライブ2期生,hololive Gen 2,hBP04-093,U,0,0,0,50,Support,"Nakiri Ayame, Oozora Subaru, Murasaki Shion, Yuzuki Choco"
778,hBP04,ホロライブ2期生,hololive Gen 2,hBP04-093,S,1,0,0,120,Support,"Nakiri Ayame, Oozora Subaru, Murasaki Shion, Yuzuki Choco"
779,hBP04,まいたけダンス,Maitake Dance,hBP04-094,U,0,0,0,50,Support,Juufuutei Raden
780,hBP04,まいたけダンス,Maitake Dance,hBP04-094,S,1,0,0,500,Support,Juufuutei Raden
781,hBP04,マスコットキャッチャー,Mascot Catcher,hBP04-095,U,0,0,0,50,Support,
782,hBP04,マスコットキャッチャー,Mascot Catcher,hBP04-095,S,1,0,0,120,Support,
783,hBP04,Advent,Advent,hBP04-096,U,0,0,0,50,Support,"Shiori Novella, Nerissa Ravencroft, Fuwawa Abyssgard, Mococo Abyssgard, Koseki Bijou"
784,hBP04,Advent,Advent,hBP04-096,S,1,0,0,180,Support,"Shiori Novella, Nerissa Ravencroft, Fuwawa Abyssgard, Mococo Abyssgard, Koseki Bijou"
785,hBP04,緑の試験管,Green Test Tube,hBP04-097,U,0,0,0,50,Support,Hakui Koyori
786,hBP04,緑の試験管,Green Test Tube,hBP04-097,S,1,0,0,280,Support,Hakui Koyori
787,hBP04,鍛冶ハンマー,Smithing Hammer,hBP04-098,U,0,0,0,120,Support,Kaela Kovalskia
788,hBP04,鍛冶ハンマー,Smithing Hammer,hBP04-098,S,1,0,0,1280,Support,Kaela Kovalskia
789,hBP04,古代武器,Ancient Weapon,hBP04-099,U,0,0,0,50,Support,Anya Melfissa
790,hBP04,古代武器,Ancient Weapon,hBP04-099,S,1,0,0,420,Support,Anya Melfissa
791,hBP04,ココロ,Kokoro,hBP04-100,C,0,0,0,30,Support,Hakui Koyori
792,hBP04,ココロ,Kokoro,hBP04-100,S,1,0,0,280,Support,Hakui Koyori
793,hBP04,だいふく,Daifuku,hBP04-101,C,0,0,0,30,Support,Yukihana Lamy
794,hBP04,だいふく,Daifuku,hBP04-101,S,1,0,0,180,Support,Yukihana Lamy
795,hBP04,やめなー,Yamena,hBP04-102,C,0,0,0,30,Support,
796,hBP04,やめなー,Yamena,hBP04-102,S,1,0,0,220,Support,
797,hBP04,カラス,Karasu,hBP04-103,C,0,0,0,30,Support,La+ Darknesss
798,hBP04,カラス,Karasu,hBP04-103,S,1,0,0,180,Support,La+ Darknesss
799,hBP04,スバルドダック,Subaru Duck,hBP04-104,C,0,0,0,30,Support,Oozora Subaru
800,hBP04,スバルドダック,Subaru Duck,hBP04-104,S,1,0,0,320,Support,Oozora Subaru
801,hBP04,こよりの助手くん,Koyori's Assistant,hBP04-105,U,0,0,0,50,Support,Hakui Koyori
802,hBP04,こよりの助手くん,Koyori's Assistant,hBP04-105,S,1,0,0,3980,Support,Hakui Koyori
803,hBP04,雪民,Yukimin,hBP04-106,U,0,0,0,50,Support,Yukihana Lamy
804,hBP04,雪民,Yukimin,hBP04-106,S,1,0,0,320,Support,Yukihana Lamy
1501,hBP04,白エール,White Cheer,hY01-006,SY,1,0,0,2480,White,Hakui Koyori
1502,hBP04,緑エール,Green Cheer,hY02-005,SY,1,0,0,1280,Green,Aki Rosenthal
1503,hBP04,赤エール,Red Cheer,hY03-004,SY,1,0,0,1780,Red,Takane Lui
1504,hBP04,青エール,Blue Cheer,hY04-005,SY,1,0,0,2980,Blue,Yukihana Lamy
1505,hBP04,紫エール,Purple Cheer,hY05-004,SY,1,0,0,2480,Purple,La+ Darknesss
1506,hBP04,黄エール,Yellow Cheer,hY06-004,SY,1,0,0,1980,Yellow,Oozora Subaru
807,hBP04,マネちゃん,Mane-chan,hSD01-017,C,0,0,1,120,Support,Hoshimachi Suisei
808,hBP04,マネちゃん,Mane-chan,hSD01-017,S,1,0,1,1980,Support,Hoshimachi Suisei
805,hBP04,みっころね24,Mikkorone 24,hBP02-084,U,0,0,1,180,Support,"Sakura Miko, Inugami Korone"
806,hBP04,みっころね24,Mikkorone 24,hBP02-084,SR,1,0,1,4980,Support,"Sakura Miko, Inugami Korone"
809,hBP05,白銀ノエル,Shirogane Noel,hBP05-001,OSR,1,0,0,220,White,Shirogane Noel
810,hBP05,白銀ノエル,Shirogane Noel,hBP05-001,OUR,1,0,0,7980,White,Shirogane Noel
811,hBP05,アイラニ・イオフィフティーン,Airani Iofifteen,hBP05-002,OSR,1,0,0,220,Green,Airani Iofifteen
812,hBP05,アイラニ・イオフィフティーン,Airani Iofifteen,hBP05-002,OUR,1,0,0,3980,Green,Airani Iofifteen
813,hBP05,アイラニ・イオフィフティーン,Airani Iofifteen,hBP05-002,SEC,1,1,0,29800,Green,Airani Iofifteen
814,hBP05,尾丸ポルカ,Omaru Polka,hBP05-003,OSR,1,0,0,220,Red,Omaru Polka
815,hBP05,尾丸ポルカ,Omaru Polka,hBP05-003,OUR,1,0,0,12800,Red,Omaru Polka
816,hBP05,尾丸ポルカ,Omaru Polka,hBP05-003,SEC,1,1,0,89800,Red,Omaru Polka
817,hBP05,猫又おかゆ,Nekomata Okayu,hBP05-004,OSR,1,0,0,320,Blue,Nekomata Okayu
818,hBP05,猫又おかゆ,Nekomata Okayu,hBP05-004,OUR,1,0,0,19800,Blue,Nekomata Okayu
819,hBP05,癒月ちょこ,Yuzuki Choco,hBP05-005,OSR,1,0,0,280,Purple,Yuzuki Choco
820,hBP05,癒月ちょこ,Yuzuki Choco,hBP05-005,OUR,1,0,0,6980,Purple,Yuzuki Choco
821,hBP05,癒月ちょこ,Yuzuki Choco,hBP05-005,SEC,1,1,0,49800,Purple,Yuzuki Choco
822,hBP05,ネリッサ・レイヴンクロフト,Nerissa Ravencroft,hBP05-006,OSR,1,0,0,420,Purple,Nerissa Ravencroft
823,hBP05,ネリッサ・レイヴンクロフト,Nerissa Ravencroft,hBP05-006,OUR,1,0,0,12800,Purple,Nerissa Ravencroft
824,hBP05,不知火フレア,Shiranui Flare,hBP05-007,OSR,1,0,0,280,Yellow,Shiranui Flare
825,hBP05,不知火フレア,Shiranui Flare,hBP05-007,OUR,1,0,0,6980,Yellow,Shiranui Flare
826,hBP05,白銀ノエル,Shirogane Noel,hBP05-008,U,0,0,0,50,White,Shirogane Noel
827,hBP05,白銀ノエル,Shirogane Noel,hBP05-008,S,1,0,0,180,White,Shirogane Noel
828,hBP05,白銀ノエル,Shirogane Noel,hBP05-009,C,0,0,0,30,White,Shirogane Noel
829,hBP05,白銀ノエル,Shirogane Noel,hBP05-009,S,1,0,0,180,White,Shirogane Noel
830,hBP05,白銀ノエル,Shirogane Noel,hBP05-010,U,0,0,0,120,White,Shirogane Noel
831,hBP05,白銀ノエル,Shirogane Noel,hBP05-010,S,1,0,0,320,White,Shirogane Noel
832,hBP05,白銀ノエル,Shirogane Noel,hBP05-011,R,1,0,0,80,White,Shirogane Noel
833,hBP05,白銀ノエル,Shirogane Noel,hBP05-011,SR,1,0,0,420,White,Shirogane Noel
834,hBP05,白銀ノエル,Shirogane Noel,hBP05-012,RR,1,0,0,180,White,Shirogane Noel
835,hBP05,白銀ノエル,Shirogane Noel,hBP05-012,SR,1,0,0,320,White,Shirogane Noel
836,hBP05,白銀ノエル,Shirogane Noel,hBP05-012,UR,1,0,0,3480,White,Shirogane Noel
837,hBP05,ときのそら,Tokino Sora,hBP05-013,R,1,0,0,180,White,Tokino Sora
838,hBP05,ときのそら,Tokino Sora,hBP05-013,SR,1,0,0,980,White,Tokino Sora
839,hBP05,兎田ぺこら,Usada Pekora,hBP05-014,C,0,0,0,30,White,Usada Pekora
840,hBP05,兎田ぺこら,Usada Pekora,hBP05-014,S,1,0,0,180,White,Usada Pekora
841,hBP05,兎田ぺこら,Usada Pekora,hBP05-015,U,0,0,0,80,White,Usada Pekora
842,hBP05,兎田ぺこら,Usada Pekora,hBP05-015,S,1,0,0,220,White,Usada Pekora
843,hBP05,兎田ぺこら,Usada Pekora,hBP05-016,RR,1,0,0,220,White,Usada Pekora
844,hBP05,兎田ぺこら,Usada Pekora,hBP05-016,SR,1,0,0,980,White,Usada Pekora
845,hBP05,兎田ぺこら,Usada Pekora,hBP05-016,UR,1,0,0,6980,White,Usada Pekora
846,hBP05,兎田ぺこら,Usada Pekora,hBP05-016,SEC,1,1,0,118000,White,Usada Pekora
847,hBP05,姫森ルーナ,Himemori Luna,hBP05-017,R,1,0,0,50,White,Himemori Luna
848,hBP05,姫森ルーナ,Himemori Luna,hBP05-017,SR,1,0,0,420,White,Himemori Luna
849,hBP05,ベスティア・ゼータ,Vestia Zeta,hBP05-018,R,1,0,0,120,White,Vestia Zeta
850,hBP05,ベスティア・ゼータ,Vestia Zeta,hBP05-018,SR,1,0,0,580,White,Vestia Zeta
851,hBP05,アイラニ・イオフィフティーン,Airani Iofifteen,hBP05-019,U,0,0,0,50,Green,Airani Iofifteen
852,hBP05,アイラニ・イオフィフティーン,Airani Iofifteen,hBP05-019,S,1,0,0,180,Green,Airani Iofifteen
853,hBP05,アイラニ・イオフィフティーン,Airani Iofifteen,hBP05-020,C,0,0,0,30,Green,Airani Iofifteen
854,hBP05,アイラニ・イオフィフティーン,Airani Iofifteen,hBP05-020,S,1,0,0,320,Green,Airani Iofifteen
855,hBP05,アイラニ・イオフィフティーン,Airani Iofifteen,hBP05-021,U,0,0,0,50,Green,Airani Iofifteen
856,hBP05,アイラニ・イオフィフティーン,Airani Iofifteen,hBP05-021,S,1,0,0,180,Green,Airani Iofifteen
857,hBP05,アイラニ・イオフィフティーン,Airani Iofifteen,hBP05-022,R,1,0,0,50,Green,Airani Iofifteen
858,hBP05,アイラニ・イオフィフティーン,Airani Iofifteen,hBP05-022,SR,1,0,0,280,Green,Airani Iofifteen
859,hBP05,アイラニ・イオフィフティーン,Airani Iofifteen,hBP05-023,RR,1,0,0,120,Green,Airani Iofifteen
860,hBP05,アイラニ・イオフィフティーン,Airani Iofifteen,hBP05-023,SR,1,0,0,320,Green,Airani Iofifteen
861,hBP05,アイラニ・イオフィフティーン,Airani Iofifteen,hBP05-023,UR,1,0,0,1280,Green,Airani Iofifteen
862,hBP05,AZKi,AZKi,hBP05-024,R,1,0,0,120,Green,AZKi
863,hBP05,AZKi,AZKi,hBP05-024,SR,1,0,0,680,Green,AZKi
864,hBP05,アキ・ローゼンタール,Aki Rosenthal,hBP05-025,C,0,0,0,30,Green,Aki Rosenthal
865,hBP05,アキ・ローゼンタール,Aki Rosenthal,hBP05-025,S,1,0,0,180,Green,Aki Rosenthal
866,hBP05,アキ・ローゼンタール,Aki Rosenthal,hBP05-026,U,0,0,0,50,Green,Aki Rosenthal
867,hBP05,アキ・ローゼンタール,Aki Rosenthal,hBP05-026,S,1,0,0,180,Green,Aki Rosenthal
868,hBP05,アキ・ローゼンタール,Aki Rosenthal,hBP05-027,RR,1,0,0,180,Green,Aki Rosenthal
869,hBP05,アキ・ローゼンタール,Aki Rosenthal,hBP05-027,SR,1,0,0,320,Green,Aki Rosenthal
870,hBP05,アキ・ローゼンタール,Aki Rosenthal,hBP05-027,UR,1,0,0,1280,Green,Aki Rosenthal
871,hBP05,獅白ぼたん,Shishiro Botan,hBP05-028,R,1,0,0,50,Green,Shishiro Botan
872,hBP05,獅白ぼたん,Shishiro Botan,hBP05-028,SR,1,0,0,320,Green,Shishiro Botan
873,hBP05,儒烏風亭らでん,Juufuutei Raden,hBP05-029,R,1,0,0,120,Green,Juufuutei Raden
874,hBP05,儒烏風亭らでん,Juufuutei Raden,hBP05-029,SR,1,0,0,580,Green,Juufuutei Raden
875,hBP05,尾丸ポルカ,Omaru Polka,hBP05-030,U,0,0,0,50,Red,Omaru Polka
876,hBP05,尾丸ポルカ,Omaru Polka,hBP05-030,S,1,0,0,220,Red,Omaru Polka
877,hBP05,尾丸ポルカ,Omaru Polka,hBP05-031,C,0,0,0,30,Red,Omaru Polka
878,hBP05,尾丸ポルカ,Omaru Polka,hBP05-031,S,1,0,0,180,Red,Omaru Polka
879,hBP05,尾丸ポルカ,Omaru Polka,hBP05-032,U,0,0,0,50,Red,Omaru Polka
880,hBP05,尾丸ポルカ,Omaru Polka,hBP05-032,S,1,0,0,180,Red,Omaru Polka
881,hBP05,尾丸ポルカ,Omaru Polka,hBP05-033,R,1,0,0,50,Red,Omaru Polka
882,hBP05,尾丸ポルカ,Omaru Polka,hBP05-033,SR,1,0,0,500,Red,Omaru Polka
883,hBP05,尾丸ポルカ,Omaru Polka,hBP05-034,RR,1,0,0,180,Red,Omaru Polka
884,hBP05,尾丸ポルカ,Omaru Polka,hBP05-034,SR,1,0,0,320,Red,Omaru Polka
885,hBP05,尾丸ポルカ,Omaru Polka,hBP05-034,UR,1,0,0,3980,Red,Omaru Polka
886,hBP05,さくらみこ,Sakura Miko,hBP05-035,R,1,0,0,80,Red,Sakura Miko
887,hBP05,さくらみこ,Sakura Miko,hBP05-035,SR,1,0,0,680,Red,Sakura Miko
888,hBP05,星街すいせい,Hoshimachi Suisei,hBP05-036,C,0,0,0,30,Red,Hoshimachi Suisei
889,hBP05,星街すいせい,Hoshimachi Suisei,hBP05-036,S,1,0,0,220,Red,Hoshimachi Suisei
890,hBP05,星街すいせい,Hoshimachi Suisei,hBP05-037,RR,1,0,0,220,Red,Hoshimachi Suisei
891,hBP05,星街すいせい,Hoshimachi Suisei,hBP05-037,SR,1,0,0,780,Red,Hoshimachi Suisei
892,hBP05,星街すいせい,Hoshimachi Suisei,hBP05-037,UR,1,0,0,4980,Red,Hoshimachi Suisei
893,hBP05,モココ・アビスガード,Mococo Abyssgard,hBP05-038,R,1,0,0,50,Red,Mococo Abyssgard
894,hBP05,モココ・アビスガード,Mococo Abyssgard,hBP05-038,SR,1,0,0,420,Red,Mococo Abyssgard
895,hBP05,一条莉々華,Ichijou Ririka,hBP05-039,R,1,0,0,50,Red,Ichijou Ririka
896,hBP05,一条莉々華,Ichijou Ririka,hBP05-039,SR,1,0,0,420,Red,Ichijou Ririka
897,hBP05,miComet,miComet,hBP05-040,U,0,0,0,80,"Red,Blue","Sakura Miko, Hoshimachi Suisei"
898,hBP05,miComet,miComet,hBP05-040,S,1,0,0,220,"Red,Blue","Sakura Miko, Hoshimachi Suisei"
899,hBP05,猫又おかゆ,Nekomata Okayu,hBP05-041,U,0,0,0,50,Blue,Nekomata Okayu
900,hBP05,猫又おかゆ,Nekomata Okayu,hBP05-041,S,1,0,0,220,Blue,Nekomata Okayu
901,hBP05,猫又おかゆ,Nekomata Okayu,hBP05-042,C,0,0,0,30,Blue,Nekomata Okayu
902,hBP05,猫又おかゆ,Nekomata Okayu,hBP05-042,S,1,0,0,220,Blue,Nekomata Okayu
903,hBP05,猫又おかゆ,Nekomata Okayu,hBP05-043,U,0,0,0,80,Blue,Nekomata Okayu
904,hBP05,猫又おかゆ,Nekomata Okayu,hBP05-043,S,1,0,0,420,Blue,Nekomata Okayu
905,hBP05,猫又おかゆ,Nekomata Okayu,hBP05-044,R,1,0,0,120,Blue,Nekomata Okayu
906,hBP05,猫又おかゆ,Nekomata Okayu,hBP05-044,SR,1,0,0,500,Blue,Nekomata Okayu
907,hBP05,猫又おかゆ,Nekomata Okayu,hBP05-045,RR,1,0,0,220,Blue,Nekomata Okayu
908,hBP05,猫又おかゆ,Nekomata Okayu,hBP05-045,SR,1,0,0,500,Blue,Nekomata Okayu
909,hBP05,猫又おかゆ,Nekomata Okayu,hBP05-045,UR,1,0,0,4980,Blue,Nekomata Okayu
910,hBP05,雪花ラミィ,Yukihana Lamy,hBP05-046,R,1,0,0,50,Blue,Yukihana Lamy
911,hBP05,雪花ラミィ,Yukihana Lamy,hBP05-046,SR,1,0,0,500,Blue,Yukihana Lamy
912,hBP05,こぼ・かなえる,Kobo Kanaeru,hBP05-047,C,0,0,0,30,Blue,Kobo Kanaeru
913,hBP05,こぼ・かなえる,Kobo Kanaeru,hBP05-047,S,1,0,0,180,Blue,Kobo Kanaeru
914,hBP05,こぼ・かなえる,Kobo Kanaeru,hBP05-048,U,0,0,0,50,Blue,Kobo Kanaeru
915,hBP05,こぼ・かなえる,Kobo Kanaeru,hBP05-048,S,1,0,0,180,Blue,Kobo Kanaeru
916,hBP05,こぼ・かなえる,Kobo Kanaeru,hBP05-049,RR,1,0,0,120,Blue,Kobo Kanaeru
917,hBP05,こぼ・かなえる,Kobo Kanaeru,hBP05-049,SR,1,0,0,320,Blue,Kobo Kanaeru
918,hBP05,こぼ・かなえる,Kobo Kanaeru,hBP05-049,UR,1,0,0,1980,Blue,Kobo Kanaeru
919,hBP05,フワワ・アビスガード,Fuwawa Abyssgard,hBP05-050,R,1,0,0,50,Blue,Fuwawa Abyssgard
920,hBP05,フワワ・アビスガード,Fuwawa Abyssgard,hBP05-050,SR,1,0,0,420,Blue,Fuwawa Abyssgard
921,hBP05,火威青,Hiodoshi Ao,hBP05-051,R,1,0,0,50,Blue,Hiodoshi Ao
922,hBP05,火威青,Hiodoshi Ao,hBP05-051,SR,1,0,0,320,Blue,Hiodoshi Ao
923,hBP05,癒月ちょこ,Yuzuki Choco,hBP05-052,U,0,0,0,50,Purple,Yuzuki Choco
924,hBP05,癒月ちょこ,Yuzuki Choco,hBP05-052,S,1,0,0,120,Purple,Yuzuki Choco
925,hBP05,癒月ちょこ,Yuzuki Choco,hBP05-053,C,0,0,0,30,Purple,Yuzuki Choco
926,hBP05,癒月ちょこ,Yuzuki Choco,hBP05-053,S,1,0,0,280,Purple,Yuzuki Choco
927,hBP05,癒月ちょこ,Yuzuki Choco,hBP05-054,U,0,0,0,50,Purple,Yuzuki Choco
928,hBP05,癒月ちょこ,Yuzuki Choco,hBP05-054,S,1,0,0,180,Purple,Yuzuki Choco
929,hBP05,癒月ちょこ,Yuzuki Choco,hBP05-055,R,1,0,0,80,Purple,Yuzuki Choco
930,hBP05,癒月ちょこ,Yuzuki Choco,hBP05-055,SR,1,0,0,780,Purple,Yuzuki Choco
931,hBP05,癒月ちょこ,Yuzuki Choco,hBP05-056,RR,1,0,0,180,Purple,Yuzuki Choco
932,hBP05,癒月ちょこ,Yuzuki Choco,hBP05-056,SR,1,0,0,420,Purple,Yuzuki Choco
933,hBP05,癒月ちょこ,Yuzuki Choco,hBP05-056,UR,1,0,0,2980,Purple,Yuzuki Choco
934,hBP05,ネリッサ・レイヴンクロフト,Nerissa Ravencroft,hBP05-057,U,0,0,0,50,Purple,Nerissa Ravencroft
935,hBP05,ネリッサ・レイヴンクロフト,Nerissa Ravencroft,hBP05-057,S,1,0,0,180,Purple,Nerissa Ravencroft
936,hBP05,ネリッサ・レイヴンクロフト,Nerissa Ravencroft,hBP05-058,C,0,0,0,30,Purple,Nerissa Ravencroft
937,hBP05,ネリッサ・レイヴンクロフト,Nerissa Ravencroft,hBP05-058,S,1,0,0,280,Purple,Nerissa Ravencroft
938,hBP05,ネリッサ・レイヴンクロフト,Nerissa Ravencroft,hBP05-059,U,0,0,0,50,Purple,Nerissa Ravencroft
939,hBP05,ネリッサ・レイヴンクロフト,Nerissa Ravencroft,hBP05-059,S,1,0,0,220,Purple,Nerissa Ravencroft
940,hBP05,ネリッサ・レイヴンクロフト,Nerissa Ravencroft,hBP05-060,R,1,0,0,50,Purple,Nerissa Ravencroft
941,hBP05,ネリッサ・レイヴンクロフト,Nerissa Ravencroft,hBP05-060,SR,1,0,0,680,Purple,Nerissa Ravencroft
942,hBP05,ネリッサ・レイヴンクロフト,Nerissa Ravencroft,hBP05-061,RR,1,0,0,120,Purple,Nerissa Ravencroft
943,hBP05,ネリッサ・レイヴンクロフト,Nerissa Ravencroft,hBP05-061,SR,1,0,0,420,Purple,Nerissa Ravencroft
944,hBP05,ネリッサ・レイヴンクロフト,Nerissa Ravencroft,hBP05-061,UR,1,0,0,3980,Purple,Nerissa Ravencroft
945,hBP05,常闇トワ,Tokoyami Towa,hBP05-062,R,1,0,0,120,Purple,Tokoyami Towa
946,hBP05,常闇トワ,Tokoyami Towa,hBP05-062,SR,1,0,0,980,Purple,Tokoyami Towa
947,hBP05,不知火フレア,Shiranui Flare,hBP05-063,U,0,0,0,50,Yellow,Shiranui Flare
948,hBP05,不知火フレア,Shiranui Flare,hBP05-063,S,1,0,0,120,Yellow,Shiranui Flare
949,hBP05,不知火フレア,Shiranui Flare,hBP05-064,C,0,0,0,30,Yellow,Shiranui Flare
950,hBP05,不知火フレア,Shiranui Flare,hBP05-064,S,1,0,0,120,Yellow,Shiranui Flare
951,hBP05,不知火フレア,Shiranui Flare,hBP05-065,U,0,0,0,50,Yellow,Shiranui Flare
952,hBP05,不知火フレア,Shiranui Flare,hBP05-065,S,1,0,0,180,Yellow,Shiranui Flare
953,hBP05,不知火フレア,Shiranui Flare,hBP05-066,R,1,0,0,50,Yellow,Shiranui Flare
954,hBP05,不知火フレア,Shiranui Flare,hBP05-066,SR,1,0,0,320,Yellow,Shiranui Flare
955,hBP05,不知火フレア,Shiranui Flare,hBP05-067,RR,1,0,0,120,Yellow,Shiranui Flare
956,hBP05,不知火フレア,Shiranui Flare,hBP05-067,SR,1,0,0,420,Yellow,Shiranui Flare
957,hBP05,不知火フレア,Shiranui Flare,hBP05-067,UR,1,0,0,1980,Yellow,Shiranui Flare
958,hBP05,白上フブキ,Shirakami Fubuki,hBP05-068,C,0,0,0,30,Yellow,Shirakami Fubuki
959,hBP05,白上フブキ,Shirakami Fubuki,hBP05-068,S,1,0,0,220,Yellow,Shirakami Fubuki
960,hBP05,白上フブキ,Shirakami Fubuki,hBP05-069,U,0,0,0,80,Yellow,Shirakami Fubuki
961,hBP05,白上フブキ,Shirakami Fubuki,hBP05-069,S,1,0,0,280,Yellow,Shirakami Fubuki
962,hBP05,白上フブキ,Shirakami Fubuki,hBP05-070,RR,1,0,0,280,Yellow,Shirakami Fubuki
963,hBP05,白上フブキ,Shirakami Fubuki,hBP05-070,SR,1,0,0,780,Yellow,Shirakami Fubuki
964,hBP05,白上フブキ,Shirakami Fubuki,hBP05-070,UR,1,0,0,4980,Yellow,Shirakami Fubuki
965,hBP05,戌神ころね,Inugami Korone,hBP05-071,R,1,0,0,120,Yellow,Inugami Korone
966,hBP05,戌神ころね,Inugami Korone,hBP05-071,SR,1,0,0,780,Yellow,Inugami Korone
967,hBP05,角巻わため,Tsunomaki Watame,hBP05-072,R,1,0,0,80,Yellow,Tsunomaki Watame
968,hBP05,角巻わため,Tsunomaki Watame,hBP05-072,SR,1,0,0,420,Yellow,Tsunomaki Watame
969,hBP05,アユンダ・リス,Ayunda Risu,hBP05-073,R,1,0,0,50,Yellow,Ayunda Risu
970,hBP05,アユンダ・リス,Ayunda Risu,hBP05-073,SR,1,0,0,320,Yellow,Ayunda Risu
971,hBP05,フレンドリーパソコン,Friendly PC,hBP05-074,C,0,0,0,280,Support,"Inugami Korone, Nekomata Okayu"
972,hBP05,フレンドリーパソコン,Friendly PC,hBP05-074,S,1,0,0,3980,Support,"Inugami Korone, Nekomata Okayu"
973,hBP05,牛丼,Gyudon,hBP05-075,C,0,0,0,30,Support,Shirogane Noel
974,hBP05,牛丼,Gyudon,hBP05-075,S,1,0,0,280,Support,Shirogane Noel
975,hBP05,ちょこのビーフストロガノフ,Choco's Beef Stroganoff,hBP05-076,U,0,0,0,50,Support,Yuzuki Choco
976,hBP05,ちょこのビーフストロガノフ,Choco's Beef Stroganoff,hBP05-076,S,1,0,0,220,Support,Yuzuki Choco
977,hBP05,バカタレサーカス,BAKATARE CIRCUS,hBP05-077,U,0,0,0,30,Support,"Shirakami Fubuki, Shiranui Flare, Tsunomaki Watame, Omaru Polka"
978,hBP05,バカタレサーカス,BAKATARE CIRCUS,hBP05-077,S,1,0,0,120,Support,"Shirakami Fubuki, Shiranui Flare, Tsunomaki Watame, Omaru Polka"
979,hBP05,晩酌配信,Late-Night Drinking Stream,hBP05-078,U,0,0,0,30,Support,"Yukihana Lamy, Shirogane Noel, Takane Lui, Akai Haato"
980,hBP05,晩酌配信,Late-Night Drinking Stream,hBP05-078,S,1,0,0,120,Support,"Yukihana Lamy, Shirogane Noel, Takane Lui, Akai Haato"
981,hBP05,み俺恥,DIYMiko,hBP05-079,U,0,0,0,220,Support,Sakura Miko
982,hBP05,み俺恥,DIYMiko,hBP05-079,S,1,0,0,780,Support,Sakura Miko
983,hBP05,SorAZセレブレーション,SorAZ Celebration,hBP05-080,U,0,0,0,580,Support,"Tokino Sora, AZKi"
984,hBP05,SorAZセレブレーション,SorAZ Celebration,hBP05-080,SR,1,0,0,8980,Support,"Tokino Sora, AZKi"
985,hBP05,SorAZセレブレーション,SorAZ Celebration,hBP05-080,SEC,1,1,0,158000,Support,"Tokino Sora, AZKi"
986,hBP05,白銀ノエル,Shirogane Noel's Mace,hBP05-081,U,0,0,0,30,Support,Shirogane Noel
987,hBP05,白銀ノエル,Shirogane Noel's Mace,hBP05-081,S,1,0,0,120,Support,Shirogane Noel
988,hBP05,アキ・ローゼンタール,Aki Rosenthal's Axe,hBP05-082,U,0,0,0,30,Support,Aki Rosenthal
989,hBP05,アキ・ローゼンタール,Aki Rosenthal's Axe,hBP05-082,S,1,0,0,220,Support,Aki Rosenthal
990,hBP05,ネリッサ・レイヴンクロフト,Nerissa Ravencroft's Staff,hBP05-083,U,0,0,0,30,Support,Nerissa Ravencroft
991,hBP05,ネリッサ・レイヴンクロフト,Nerissa Ravencroft's Staff,hBP05-083,S,1,0,0,220,Support,Nerissa Ravencroft
992,hBP05,角巻わため,Tsunomaki Watame's Harp,hBP05-084,U,0,0,0,80,Support,Tsunomaki Watame
993,hBP05,角巻わため,Tsunomaki Watame's Harp,hBP05-084,S,1,0,0,180,Support,Tsunomaki Watame
994,hBP05,みこだにぇー,Mikodanye,hBP05-085,C,0,0,0,30,Support,Sakura Miko
995,hBP05,みこだにぇー,Mikodanye,hBP05-085,S,1,0,0,180,Support,Sakura Miko
996,hBP05,Cilus,Cilus,hBP05-086,C,0,0,0,30,Support,Kobo Kanaeru
997,hBP05,Cilus,Cilus,hBP05-086,S,1,0,0,180,Support,Kobo Kanaeru
998,hBP05,Jailbird,Jailbird,hBP05-087,U,0,0,0,30,Support,Nerissa Ravencroft
999,hBP05,Jailbird,Jailbird,hBP05-087,S,1,0,0,180,Support,Nerissa Ravencroft
1507,hBP05,白エール,White Cheer,hY01-007,SY,1,0,0,1780,White,Usada Pekora
1508,hBP05,緑エール,Green Cheer,hY02-006,SY,1,0,0,1980,Green,AZKi
1509,hBP05,赤エール,Red Cheer,hY03-009,SY,1,0,0,3980,Red,Nakiri Ayame
1510,hBP05,青エール,Blue Cheer,hY04-006,SY,1,0,0,1980,Blue,Nekomata Okayu
1511,hBP05,紫エール,Purple Cheer,hY05-005,SY,1,0,0,1480,Purple,Yuzuki Choco
1512,hBP05,黄エール,Yellow Cheer,hY06-005,SY,1,0,0,1780,Yellow,Shiranui Flare
1000,hBP05,猫又おかゆ,Nekomata Okayu,hSD03-002,C,0,0,1,80,Blue,Nekomata Okayu
1001,hBP05,癒月ちょこ,Yuzuki Choco,hSD04-002,C,0,0,1,80,Purple,Yuzuki Choco
1002,hBP05,不知火フレア,Shiranui Flare,hSD07-002,C,0,0,1,80,Yellow,Shiranui Flare
1003,hBP05,不知火フレア,Shiranui Flare,hSD07-002,HR,1,0,1,3980,Yellow,Shiranui Flare
1004,hBP05,アキ・ローゼンタール,Aki Rosenthal,hBP01-032,C,0,0,1,80,Green,Aki Rosenthal
1005,hBP05,アキ・ローゼンタール,Aki Rosenthal,hBP01-032,HR,1,0,1,2980,Green,Aki Rosenthal
1006,hBP05,兎田ぺこら,Usada Pekora,hBP01-038,C,0,0,1,80,Green,Usada Pekora
1007,hBP05,アイラニ・イオフィフティーン,Airani Iofifteen,hBP01-052,C,0,0,1,80,Green,Airani Iofifteen
1008,hBP05,尾丸ポルカ,Omaru Polka,hBP01-068,C,0,0,1,80,Red,Omaru Polka
1009,hBP05,尾丸ポルカ,Omaru Polka,hBP01-068,HR,1,0,1,3980,Red,Omaru Polka
1010,hBP05,星街すいせい,Hoshimachi Suisei,hBP01-076,C,0,0,1,80,Blue,Hoshimachi Suisei
1011,hBP05,星街すいせい,Hoshimachi Suisei,hBP01-076,HR,1,0,1,12800,Blue,Hoshimachi Suisei
1012,hBP05,こぼ・かなえる,Kobo Kanaeru,hBP01-082,C,0,0,1,80,Blue,Kobo Kanaeru
1782,hBP05,石の斧,Stone Axe,hBP01-114,C,0,0,1,180,Support,Aki Rosenthal
1783,hBP05,座員,Troupe Member,hBP01-126,C,0,0,1,80,Support,Omaru Polka
1013,hBP05,白上フブキ,Shirakami Fubuki,hBP02-008,C,0,0,1,80,White,Shirakami Fubuki
1014,hBP05,白銀ノエル,Shirogane Noel,hBP02-014,C,0,0,1,80,White,Shirogane Noel
1015,hBP05,白銀ノエル,Shirogane Noel,hBP02-014,HR,1,0,1,4980,White,Shirogane Noel
1016,hBP05,ネリッサ・レイヴンクロフト,Nerissa Ravencroft,hBP02-065,C,0,0,1,80,Purple,Nerissa Ravencroft
1017,hBP05,ネリッサ・レイヴンクロフト,Nerissa Ravencroft,hBP02-065,HR,1,0,1,3980,Purple,Nerissa Ravencroft
1018,hBP06,ラオーラ・パンテーラ,Raora Panthera,hBP06-001,OSR,1,0,0,220,White,Raora Panthera
1019,hBP06,ラオーラ・パンテーラ,Raora Panthera,hBP06-001,OUR,1,0,0,6980,White,Raora Panthera
1020,hBP06,ラオーラ・パンテーラ,Raora Panthera,hBP06-001,SEC,1,1,0,39800,White,Raora Panthera
1021,hBP06,響咲リオナ,Isaki Riona,hBP06-002,OSR,1,0,0,420,White,Isaki Riona
1022,hBP06,響咲リオナ,Isaki Riona,hBP06-002,OUR,1,0,0,19800,White,Isaki Riona
1023,hBP06,風真いろは,Kazama Iroha,hBP06-003,OSR,1,0,0,680,Green,Kazama Iroha
1024,hBP06,風真いろは,Kazama Iroha,hBP06-003,OUR,1,0,0,29800,Green,Kazama Iroha
1025,hBP06,風真いろは,Kazama Iroha,hBP06-003,SEC,1,1,0,108000,Green,Kazama Iroha
1026,hBP06,百鬼あやめ,Nakiri Ayame,hBP06-004,OSR,1,0,0,780,Red,Nakiri Ayame
1027,hBP06,百鬼あやめ,Nakiri Ayame,hBP06-004,OUR,1,0,0,39800,Red,Nakiri Ayame
1028,hBP06,百鬼あやめ,Nakiri Ayame,hBP06-004,SEC,1,1,0,158000,Red,Nakiri Ayame
1029,hBP06,ハコス・ベールズ,Hakos Baelz,hBP06-005,OSR,1,0,0,500,Red,Hakos Baelz
1030,hBP06,ハコス・ベールズ,Hakos Baelz,hBP06-005,OUR,1,0,0,19800,Red,Hakos Baelz
1031,hBP06,ムーナ・ホシノヴァ,Moona Hoshinova,hBP06-006,OSR,1,0,0,980,Blue,Moona Hoshinova
1032,hBP06,ムーナ・ホシノヴァ,Moona Hoshinova,hBP06-006,OUR,1,0,0,24800,Blue,Moona Hoshinova
1033,hBP06,ロボ子さん,Roboco-san,hBP06-007,OSR,1,0,0,280,Purple,Roboco-san
1034,hBP06,ロボ子さん,Roboco-san,hBP06-007,OUR,1,0,0,9980,Purple,Roboco-san
1035,hBP06,夏色まつり,Natsuiro Matsuri,hBP06-008,OSR,1,0,0,220,Yellow,Natsuiro Matsuri
1036,hBP06,夏色まつり,Natsuiro Matsuri,hBP06-008,OUR,1,0,0,9980,Yellow,Natsuiro Matsuri
1037,hBP06,夏色まつり,Natsuiro Matsuri,hBP06-008,SEC,1,1,0,49800,Yellow,Natsuiro Matsuri
1038,hBP06,ラオーラ・パンテーラ,Raora Panthera,hBP06-009,C,0,0,0,30,White,Raora Panthera
1039,hBP06,ラオーラ・パンテーラ,Raora Panthera,hBP06-009,S,1,0,0,220,White,Raora Panthera
1040,hBP06,ラオーラ・パンテーラ,Raora Panthera,hBP06-010,U,0,0,0,50,White,Raora Panthera
1041,hBP06,ラオーラ・パンテーラ,Raora Panthera,hBP06-011,C,0,0,0,30,White,Raora Panthera
1042,hBP06,ラオーラ・パンテーラ,Raora Panthera,hBP06-011,S,1,0,0,320,White,Raora Panthera
1043,hBP06,ラオーラ・パンテーラ,Raora Panthera,hBP06-012,U,0,0,0,50,White,Raora Panthera
1044,hBP06,ラオーラ・パンテーラ,Raora Panthera,hBP06-012,S,1,0,0,180,White,Raora Panthera
1045,hBP06,ラオーラ・パンテーラ,Raora Panthera,hBP06-013,R,1,0,0,50,White,Raora Panthera
1046,hBP06,ラオーラ・パンテーラ,Raora Panthera,hBP06-013,SR,1,0,0,320,White,Raora Panthera
1047,hBP06,ラオーラ・パンテーラ,Raora Panthera,hBP06-014,RR,1,0,0,180,White,Raora Panthera
1048,hBP06,ラオーラ・パンテーラ,Raora Panthera,hBP06-014,SR,1,0,0,420,White,Raora Panthera
1049,hBP06,ラオーラ・パンテーラ,Raora Panthera,hBP06-014,UR,1,0,0,2980,White,Raora Panthera
1050,hBP06,響咲リオナ,Isaki Riona,hBP06-015,C,0,0,0,120,White,Isaki Riona
1530,hBP06,響咲リオナ,Isaki Riona,hBP06-015,HR,1,0,0,5980,White,Isaki Riona
1052,hBP06,響咲リオナ,Isaki Riona,hBP06-016,U,0,0,0,50,White,Isaki Riona
1053,hBP06,響咲リオナ,Isaki Riona,hBP06-017,C,0,0,0,30,White,Isaki Riona
1054,hBP06,響咲リオナ,Isaki Riona,hBP06-017,S,1,0,0,180,White,Isaki Riona
1055,hBP06,響咲リオナ,Isaki Riona,hBP06-018,U,0,0,0,50,White,Isaki Riona
1056,hBP06,響咲リオナ,Isaki Riona,hBP06-018,S,1,0,0,420,White,Isaki Riona
1057,hBP06,響咲リオナ,Isaki Riona,hBP06-019,R,1,0,0,50,White,Isaki Riona
1058,hBP06,響咲リオナ,Isaki Riona,hBP06-019,SR,1,0,0,780,White,Isaki Riona
1059,hBP06,響咲リオナ,Isaki Riona,hBP06-020,RR,1,0,0,180,White,Isaki Riona
1060,hBP06,響咲リオナ,Isaki Riona,hBP06-020,SR,1,0,0,680,White,Isaki Riona
1061,hBP06,響咲リオナ,Isaki Riona,hBP06-020,UR,1,0,0,4980,White,Isaki Riona
1062,hBP06,博衣こより,Hakui Koyori,hBP06-021,R,1,0,0,80,White,Hakui Koyori
1063,hBP06,博衣こより,Hakui Koyori,hBP06-021,SR,1,0,0,680,White,Hakui Koyori
1064,hBP06,風真いろは,Kazama Iroha,hBP06-022,C,0,0,0,30,Green,Kazama Iroha
1065,hBP06,風真いろは,Kazama Iroha,hBP06-022,S,1,0,0,180,Green,Kazama Iroha
1066,hBP06,風真いろは,Kazama Iroha,hBP06-023,U,0,0,0,50,Green,Kazama Iroha
1067,hBP06,風真いろは,Kazama Iroha,hBP06-024,C,0,0,0,30,Green,Kazama Iroha
1068,hBP06,風真いろは,Kazama Iroha,hBP06-024,S,1,0,0,120,Green,Kazama Iroha
1069,hBP06,風真いろは,Kazama Iroha,hBP06-025,U,0,0,0,50,Green,Kazama Iroha
1070,hBP06,風真いろは,Kazama Iroha,hBP06-025,S,1,0,0,220,Green,Kazama Iroha
1071,hBP06,風真いろは,Kazama Iroha,hBP06-026,R,1,0,0,180,Green,Kazama Iroha
1072,hBP06,風真いろは,Kazama Iroha,hBP06-026,SR,1,0,0,1280,Green,Kazama Iroha
1073,hBP06,風真いろは,Kazama Iroha,hBP06-027,RR,1,0,0,220,Green,Kazama Iroha
1074,hBP06,風真いろは,Kazama Iroha,hBP06-027,SR,1,0,0,780,Green,Kazama Iroha
1075,hBP06,風真いろは,Kazama Iroha,hBP06-027,UR,1,0,0,9980,Green,Kazama Iroha
1076,hBP06,姫森ルーナ,Himemori Luna,hBP06-028,C,0,0,0,30,Green,Himemori Luna
1077,hBP06,姫森ルーナ,Himemori Luna,hBP06-028,S,1,0,0,180,Green,Himemori Luna
1078,hBP06,姫森ルーナ,Himemori Luna,hBP06-029,U,0,0,0,50,Green,Himemori Luna
1079,hBP06,姫森ルーナ,Himemori Luna,hBP06-029,S,1,0,0,180,Green,Himemori Luna
1080,hBP06,姫森ルーナ,Himemori Luna,hBP06-030,R,1,0,0,50,Green,Himemori Luna
1081,hBP06,姫森ルーナ,Himemori Luna,hBP06-030,SR,1,0,0,320,Green,Himemori Luna
1082,hBP06,姫森ルーナ,Himemori Luna,hBP06-031,RR,1,0,0,120,Green,Himemori Luna
1083,hBP06,姫森ルーナ,Himemori Luna,hBP06-031,SR,1,0,0,320,Green,Himemori Luna
1084,hBP06,姫森ルーナ,Himemori Luna,hBP06-031,UR,1,0,0,1780,Green,Himemori Luna
1085,hBP06,セシリア・イマーグリーン,Cecilia Immergreen,hBP06-032,R,1,0,0,50,Green,Cecilia Immergreen
1086,hBP06,セシリア・イマーグリーン,Cecilia Immergreen,hBP06-032,SR,1,0,0,420,Green,Cecilia Immergreen
1087,hBP06,儒烏風亭らでん,Juufuutei Raden,hBP06-033,R,1,0,0,80,Green,Juufuutei Raden
1088,hBP06,儒烏風亭らでん,Juufuutei Raden,hBP06-033,SR,1,0,0,500,Green,Juufuutei Raden
1089,hBP06,百鬼あやめ,Nakiri Ayame,hBP06-034,C,0,0,0,30,Red,Nakiri Ayame
1090,hBP06,百鬼あやめ,Nakiri Ayame,hBP06-034,S,1,0,0,220,Red,Nakiri Ayame
1091,hBP06,百鬼あやめ,Nakiri Ayame,hBP06-035,U,0,0,0,50,Red,Nakiri Ayame
1092,hBP06,百鬼あやめ,Nakiri Ayame,hBP06-036,C,0,0,0,30,Red,Nakiri Ayame
1093,hBP06,百鬼あやめ,Nakiri Ayame,hBP06-036,S,1,0,0,220,Red,Nakiri Ayame
1094,hBP06,百鬼あやめ,Nakiri Ayame,hBP06-037,U,0,0,0,80,Red,Nakiri Ayame
1095,hBP06,百鬼あやめ,Nakiri Ayame,hBP06-037,S,1,0,0,680,Red,Nakiri Ayame
1096,hBP06,百鬼あやめ,Nakiri Ayame,hBP06-038,R,1,0,0,120,Red,Nakiri Ayame
1097,hBP06,百鬼あやめ,Nakiri Ayame,hBP06-038,SR,1,0,0,980,Red,Nakiri Ayame
1098,hBP06,百鬼あやめ,Nakiri Ayame,hBP06-039,RR,1,0,0,280,Red,Nakiri Ayame
1099,hBP06,百鬼あやめ,Nakiri Ayame,hBP06-039,SR,1,0,0,980,Red,Nakiri Ayame
1100,hBP06,百鬼あやめ,Nakiri Ayame,hBP06-039,UR,1,0,0,12800,Red,Nakiri Ayame
1101,hBP06,ハコス・ベールズ,Hakos Baelz,hBP06-040,C,0,0,0,30,Red,Hakos Baelz
1102,hBP06,ハコス・ベールズ,Hakos Baelz,hBP06-040,S,1,0,0,580,Red,Hakos Baelz
1103,hBP06,ハコス・ベールズ,Hakos Baelz,hBP06-041,U,0,0,0,50,Red,Hakos Baelz
1104,hBP06,ハコス・ベールズ,Hakos Baelz,hBP06-042,C,0,0,0,30,Red,Hakos Baelz
1105,hBP06,ハコス・ベールズ,Hakos Baelz,hBP06-042,S,1,0,0,120,Red,Hakos Baelz
1106,hBP06,ハコス・ベールズ,Hakos Baelz,hBP06-043,U,0,0,0,50,Red,Hakos Baelz
1107,hBP06,ハコス・ベールズ,Hakos Baelz,hBP06-043,S,1,0,0,180,Red,Hakos Baelz
1108,hBP06,ハコス・ベールズ,Hakos Baelz,hBP06-044,R,1,0,0,50,Red,Hakos Baelz
1109,hBP06,ハコス・ベールズ,Hakos Baelz,hBP06-044,SR,1,0,0,580,Red,Hakos Baelz
1110,hBP06,ハコス・ベールズ,Hakos Baelz,hBP06-045,RR,1,0,0,180,Red,Hakos Baelz
1111,hBP06,ハコス・ベールズ,Hakos Baelz,hBP06-045,SR,1,0,0,320,Red,Hakos Baelz
1112,hBP06,ハコス・ベールズ,Hakos Baelz,hBP06-045,UR,1,0,0,2980,Red,Hakos Baelz
1113,hBP06,鷹嶺ルイ,Takane Lui,hBP06-046,R,1,0,0,50,Red,Takane Lui
1114,hBP06,鷹嶺ルイ,Takane Lui,hBP06-046,SR,1,0,0,280,Red,Takane Lui
1115,hBP06,一条莉々華,Ichijou Ririka,hBP06-047,R,1,0,0,50,Red,Ichijou Ririka
1116,hBP06,一条莉々華,Ichijou Ririka,hBP06-047,SR,1,0,0,320,Red,Ichijou Ririka
1117,hBP06,ムーナ・ホシノヴァ,Moona Hoshinova,hBP06-048,C,0,0,0,30,Blue,Moona Hoshinova
1118,hBP06,ムーナ・ホシノヴァ,Moona Hoshinova,hBP06-048,S,1,0,0,280,Blue,Moona Hoshinova
1119,hBP06,ムーナ・ホシノヴァ,Moona Hoshinova,hBP06-049,U,0,0,0,120,Blue,Moona Hoshinova
1120,hBP06,ムーナ・ホシノヴァ,Moona Hoshinova,hBP06-050,C,0,0,0,30,Blue,Moona Hoshinova
1121,hBP06,ムーナ・ホシノヴァ,Moona Hoshinova,hBP06-050,S,1,0,0,180,Blue,Moona Hoshinova
1122,hBP06,ムーナ・ホシノヴァ,Moona Hoshinova,hBP06-051,U,0,0,0,50,Blue,Moona Hoshinova
1123,hBP06,ムーナ・ホシノヴァ,Moona Hoshinova,hBP06-051,S,1,0,0,220,Blue,Moona Hoshinova
1124,hBP06,ムーナ・ホシノヴァ,Moona Hoshinova,hBP06-052,R,1,0,0,120,Blue,Moona Hoshinova
1125,hBP06,ムーナ・ホシノヴァ,Moona Hoshinova,hBP06-052,SR,1,0,0,980,Blue,Moona Hoshinova
1126,hBP06,ムーナ・ホシノヴァ,Moona Hoshinova,hBP06-053,RR,1,0,0,280,Blue,Moona Hoshinova
1127,hBP06,ムーナ・ホシノヴァ,Moona Hoshinova,hBP06-053,SR,1,0,0,780,Blue,Moona Hoshinova
1128,hBP06,ムーナ・ホシノヴァ,Moona Hoshinova,hBP06-053,UR,1,0,0,3980,Blue,Moona Hoshinova
1129,hBP06,雪花ラミィ,Yukihana Lamy,hBP06-054,R,1,0,0,50,Blue,Yukihana Lamy
1130,hBP06,雪花ラミィ,Yukihana Lamy,hBP06-054,SR,1,0,0,420,Blue,Yukihana Lamy
1131,hBP06,沙花叉クロヱ,Sakamata Chloe,hBP06-055,R,1,0,0,80,Blue,Sakamata Chloe
1132,hBP06,沙花叉クロヱ,Sakamata Chloe,hBP06-055,SR,1,0,0,580,Blue,Sakamata Chloe
1133,hBP06,沙花叉クロヱ,Sakamata Chloe,hBP06-056,R,1,0,0,80,Blue,Sakamata Chloe
1134,hBP06,沙花叉クロヱ,Sakamata Chloe,hBP06-056,SR,1,0,0,320,Blue,Sakamata Chloe
1135,hBP06,森カリオペ,Mori Calliope,hBP06-057,C,0,0,0,80,Blue,Mori Calliope
1136,hBP06,森カリオペ,Mori Calliope,hBP06-057,S,1,0,0,320,Blue,Mori Calliope
1137,hBP06,森カリオペ,Mori Calliope,hBP06-058,U,0,0,0,120,Blue,Mori Calliope
1138,hBP06,森カリオペ,Mori Calliope,hBP06-058,S,1,0,0,420,Blue,Mori Calliope
1139,hBP06,森カリオペ,Mori Calliope,hBP06-059,R,1,0,0,120,Blue,Mori Calliope
1140,hBP06,森カリオペ,Mori Calliope,hBP06-059,SR,1,0,0,680,Blue,Mori Calliope
1141,hBP06,森カリオペ,Mori Calliope,hBP06-060,RR,1,0,0,220,Blue,Mori Calliope
1142,hBP06,森カリオペ,Mori Calliope,hBP06-060,SR,1,0,0,420,Blue,Mori Calliope
1143,hBP06,森カリオペ,Mori Calliope,hBP06-060,UR,1,0,0,2980,Blue,Mori Calliope
1144,hBP06,ロボ子さん,Roboco-san,hBP06-061,C,0,0,0,30,Purple,Roboco-san
1145,hBP06,ロボ子さん,Roboco-san,hBP06-061,S,1,0,0,120,Purple,Roboco-san
1146,hBP06,ロボ子さん,Roboco-san,hBP06-062,U,0,0,0,50,Purple,Roboco-san
1147,hBP06,ロボ子さん,Roboco-san,hBP06-063,C,0,0,0,30,Purple,Roboco-san
1148,hBP06,ロボ子さん,Roboco-san,hBP06-063,S,1,0,0,220,Purple,Roboco-san
1149,hBP06,ロボ子さん,Roboco-san,hBP06-064,U,0,0,0,50,Purple,Roboco-san
1150,hBP06,ロボ子さん,Roboco-san,hBP06-064,S,1,0,0,280,Purple,Roboco-san
1151,hBP06,ロボ子さん,Roboco-san,hBP06-065,R,1,0,0,50,Purple,Roboco-san
1152,hBP06,ロボ子さん,Roboco-san,hBP06-065,SR,1,0,0,320,Purple,Roboco-san
1153,hBP06,ロボ子さん,Roboco-san,hBP06-066,RR,1,0,0,120,Purple,Roboco-san
1154,hBP06,ロボ子さん,Roboco-san,hBP06-066,SR,1,0,0,320,Purple,Roboco-san
1155,hBP06,ロボ子さん,Roboco-san,hBP06-066,UR,1,0,0,2480,Purple,Roboco-san
1156,hBP06,戌神ころね,Inugami Korone,hBP06-067,C,0,0,0,80,Purple,Inugami Korone
1157,hBP06,戌神ころね,Inugami Korone,hBP06-067,S,1,0,0,220,Purple,Inugami Korone
1158,hBP06,戌神ころね,Inugami Korone,hBP06-068,U,0,0,0,80,Purple,Inugami Korone
1159,hBP06,戌神ころね,Inugami Korone,hBP06-068,S,1,0,0,320,Purple,Inugami Korone
1160,hBP06,戌神ころね,Inugami Korone,hBP06-069,R,1,0,0,120,Purple,Inugami Korone
1161,hBP06,戌神ころね,Inugami Korone,hBP06-069,SR,1,0,0,580,Purple,Inugami Korone
1162,hBP06,戌神ころね,Inugami Korone,hBP06-070,RR,1,0,0,120,Purple,Inugami Korone
1163,hBP06,戌神ころね,Inugami Korone,hBP06-070,SR,1,0,0,680,Purple,Inugami Korone
1164,hBP06,戌神ころね,Inugami Korone,hBP06-070,UR,1,0,0,4980,Purple,Inugami Korone
1165,hBP06,ラプラス・ダークネス,La+ Darknesss,hBP06-071,R,1,0,0,80,Purple,La+ Darknesss
1166,hBP06,ラプラス・ダークネス,La+ Darknesss,hBP06-071,SR,1,0,0,500,Purple,La+ Darknesss
1167,hBP06,夏色まつり,Natsuiro Matsuri,hBP06-072,C,0,0,0,30,Yellow,Natsuiro Matsuri
1168,hBP06,夏色まつり,Natsuiro Matsuri,hBP06-072,S,1,0,0,220,Yellow,Natsuiro Matsuri
1169,hBP06,夏色まつり,Natsuiro Matsuri,hBP06-073,U,0,0,0,50,Yellow,Natsuiro Matsuri
1170,hBP06,夏色まつり,Natsuiro Matsuri,hBP06-074,C,0,0,0,30,Yellow,Natsuiro Matsuri
1171,hBP06,夏色まつり,Natsuiro Matsuri,hBP06-074,S,1,0,0,180,Yellow,Natsuiro Matsuri
1172,hBP06,夏色まつり,Natsuiro Matsuri,hBP06-075,U,0,0,0,50,Yellow,Natsuiro Matsuri
1173,hBP06,夏色まつり,Natsuiro Matsuri,hBP06-075,S,1,0,0,120,Yellow,Natsuiro Matsuri
1174,hBP06,夏色まつり,Natsuiro Matsuri,hBP06-076,R,1,0,0,50,Yellow,Natsuiro Matsuri
1175,hBP06,夏色まつり,Natsuiro Matsuri,hBP06-076,SR,1,0,0,420,Yellow,Natsuiro Matsuri
1176,hBP06,夏色まつり,Natsuiro Matsuri,hBP06-077,RR,1,0,0,220,Yellow,Natsuiro Matsuri
1177,hBP06,夏色まつり,Natsuiro Matsuri,hBP06-077,SR,1,0,0,500,Yellow,Natsuiro Matsuri
1178,hBP06,夏色まつり,Natsuiro Matsuri,hBP06-077,UR,1,0,0,2480,Yellow,Natsuiro Matsuri
1179,hBP06,大空スバル,Oozora Subaru,hBP06-078,C,0,0,0,30,Yellow,Oozora Subaru
1180,hBP06,大空スバル,Oozora Subaru,hBP06-078,S,1,0,0,180,Yellow,Oozora Subaru
1181,hBP06,大空スバル,Oozora Subaru,hBP06-079,U,0,0,0,80,Yellow,Oozora Subaru
1182,hBP06,大空スバル,Oozora Subaru,hBP06-079,S,1,0,0,180,Yellow,Oozora Subaru
1183,hBP06,大空スバル,Oozora Subaru,hBP06-080,R,1,0,0,80,Yellow,Oozora Subaru
1184,hBP06,大空スバル,Oozora Subaru,hBP06-080,SR,1,0,0,580,Yellow,Oozora Subaru
1185,hBP06,大空スバル,Oozora Subaru,hBP06-081,RR,1,0,0,180,Yellow,Oozora Subaru
1186,hBP06,大空スバル,Oozora Subaru,hBP06-081,SR,1,0,0,500,Yellow,Oozora Subaru
1187,hBP06,大空スバル,Oozora Subaru,hBP06-081,UR,1,0,0,4980,Yellow,Oozora Subaru
1188,hBP06,アーニャ・メルフィッサ,Anya Melfissa,hBP06-082,R,1,0,0,50,Yellow,Anya Melfissa
1189,hBP06,アーニャ・メルフィッサ,Anya Melfissa,hBP06-082,SR,1,0,0,420,Yellow,Anya Melfissa
1190,hBP06,ラムダック,Lambduck,hBP06-083,R,1,0,0,180,Yellow,"Tsunomaki Watame, Oozora Subaru"
1191,hBP06,ラムダック,Lambduck,hBP06-083,SR,1,0,0,1980,Yellow,"Tsunomaki Watame, Oozora Subaru"
1192,hBP06,AIこより,AI Koyori,hBP06-084,U,0,0,0,50,White,Hakui Koyori
1193,hBP06,AIこより,AI Koyori,hBP06-084,S,1,0,0,220,White,Hakui Koyori
1194,hBP06,フェイバリットパソコン,Favorite PC,hBP06-085,U,0,0,0,180,Support,Omaru Polka
1195,hBP06,フェイバリットパソコン,Favorite PC,hBP06-085,S,1,0,0,980,Support,Omaru Polka
1196,hBP06,愛情いっぱい召し上がれ♪,For You with Lots of Love♪,hBP06-086,C,0,0,0,50,Support,Kazama Iroha
1197,hBP06,愛情いっぱい召し上がれ♪,For You with Lots of Love♪,hBP06-086,S,1,0,0,180,Support,Kazama Iroha
1198,hBP06,しめじダンス,Shimeji Dance,hBP06-087,U,0,0,0,50,Support,Juufuutei Raden
1199,hBP06,しめじダンス,Shimeji Dance,hBP06-087,S,1,0,0,280,Support,Juufuutei Raden
1200,hBP06,ドッキリうさぎ,Prankster Rabbit,hBP06-088,C,0,0,0,80,Support,Usada Pekora
1201,hBP06,ドッキリうさぎ,Prankster Rabbit,hBP06-088,S,1,0,0,120,Support,Usada Pekora
1202,hBP06,ドローイングストリーム,Drawing Stream,hBP06-089,C,0,0,0,120,Support,Raora Panthera
1203,hBP06,ドローイングストリーム,Drawing Stream,hBP06-089,S,1,0,0,980,Support,Raora Panthera
1204,hBP06,ブルームステージ,Bloom Stage,hBP06-090,U,0,0,0,980,Support,Houshou Marine
1205,hBP06,ブルームステージ,Bloom Stage,hBP06-090,S,1,0,0,1980,Support,Houshou Marine
1206,hBP06,ホロライブ1期生,hololive Gen 1,hBP06-091,U,0,0,0,50,Support,"Aki Rosenthal, Akai Haato, Shirakami Fubuki, Natsuiro Matsuri"
1207,hBP06,ホロライブ1期生,hololive Gen 1,hBP06-091,S,1,0,0,120,Support,"Aki Rosenthal, Akai Haato, Shirakami Fubuki, Natsuiro Matsuri"
1208,hBP06,マヨネーズちゅっちゅっ,Sipping Mayonnaise,hBP06-092,C,0,0,0,30,Support,Hakui Koyori
1209,hBP06,マヨネーズちゅっちゅっ,Sipping Mayonnaise,hBP06-092,S,1,0,0,180,Support,Hakui Koyori
1210,hBP06,山田ルイ54世,Yamada Lui the 54th,hBP06-093,U,0,0,0,280,Support,"Takane Lui, La+ Darknesss, Hakui Koyori, Kazama Iroha"
1211,hBP06,ワークアウト,Workout,hBP06-094,C,0,0,0,120,Support,Yukihana Lamy
1212,hBP06,ワークアウト,Workout,hBP06-094,S,1,0,0,780,Support,Yukihana Lamy
1213,hBP06,IDENTIFY -AREA 15-,IDENTIFY -AREA 15-,hBP06-095,U,0,0,0,80,Support,"Ayunda Risu, Moona Hoshinova, Airani Iofifteen"
1214,hBP06,2人あわせてラムダック！,2 of Us Form LAMBDUCK!,hBP06-096,U,0,0,0,80,Support,"Oozora Subaru, Tsunomaki Watame"
1215,hBP06,カワイイスタジャン,Cute Stadium Jacket,hBP06-097,C,0,0,0,80,Support,Kazama Iroha
1216,hBP06,カワイイスタジャン,Cute Stadium Jacket,hBP06-097,S,1,0,0,320,Support,Kazama Iroha
1217,hBP06,鬼神刀「阿修羅」,Demon Blade Asura,hBP06-098,U,0,0,0,50,Support,Nakiri Ayame
1218,hBP06,鬼神刀「阿修羅」,Demon Blade Asura,hBP06-098,S,1,0,0,120,Support,Nakiri Ayame
1219,hBP06,ゆび(エラッタ前),Fingers,hBP06-099,U,0,0,0,80,Support,Inugami Korone
1220,hBP06,ゆび(エラッタ前),Fingers,hBP06-099,S,1,0,0,280,Support,Inugami Korone
1221,hBP06,Chattino,Chattino,hBP06-100,C,0,0,0,30,Support,Raora Panthera
1222,hBP06,Chattino,Chattino,hBP06-100,S,1,0,0,220,Support,Raora Panthera
1223,hBP06,ムーナびと,Moonabito,hBP06-101,C,0,0,0,30,Support,Moona Hoshinova
1224,hBP06,ムーナびと,Moonabito,hBP06-101,S,1,0,0,120,Support,Moona Hoshinova
1225,hBP06,えびふらいおん,Ebifrion,hBP06-102,C,0,0,0,30,Support,Natsuiro Matsuri
1226,hBP06,えびふらいおん,Ebifrion,hBP06-102,S,1,0,0,280,Support,Natsuiro Matsuri
1227,hBP06,まつりす,Matsurisu,hBP06-103,C,0,0,0,30,Support,Natsuiro Matsuri
1228,hBP06,まつりす,Matsurisu,hBP06-103,S,1,0,0,180,Support,Natsuiro Matsuri
1229,hBP06,スバ友,Subatomo,hBP06-104,C,0,0,0,50,Support,Oozora Subaru
1230,hBP06,スバ友,Subatomo,hBP06-104,S,1,0,0,220,Support,Oozora Subaru
1513,hBP06,白エール,White Cheer,hY01-010,SY,1,0,0,980,White,Raora Panthera
1514,hBP06,緑エール,Green Cheer,hY02-008,SY,1,0,0,1980,Green,Juufuutei Raden
1515,hBP06,赤エール,Red Cheer,hY03-013,SY,1,0,0,1480,Red,Ichijou Ririka
1516,hBP06,青エール,Blue Cheer,hY04-010,SY,1,0,0,1280,Blue,Moona Hoshinova
1517,hBP06,紫エール,Purple Cheer,hY05-008,SY,1,0,0,1280,Purple,Roboco-san
1518,hBP06,黄エール,Yellow Cheer,hY06-007,SY,1,0,0,1280,Yellow,Natsuiro Matsuri
1529,hBP06,百鬼あやめ,Nakiri Ayame,hSD02-002,C,0,0,1,80,Red,Nakiri Ayame
1231,hBP06,百鬼あやめ,Nakiri Ayame,hSD02-002,HR,1,0,1,7980,Red,Nakiri Ayame
1786,hBP06,ぽよ余,Poyoyo,hSD02-014,C,0,0,1,120,Support,Nakiri Ayame
1232,hBP06,不知火フレア,Shiranui Flare,hSD07-007,SR,1,0,1,320,Yellow,Shiranui Flare
1233,hBP06,兎田ぺこら,Usada Pekora,hBP01-041,SR,1,0,1,1280,Green,Usada Pekora
1234,hBP06,風真いろは,Kazama Iroha,hBP01-048,C,0,0,1,80,Green,Kazama Iroha
1235,hBP06,風真いろは,Kazama Iroha,hBP01-048,HR,1,0,1,7980,Green,Kazama Iroha
1236,hBP06,ハコス・ベールズ,Hakos Baelz,hBP01-072,C,0,0,1,50,Red,Hakos Baelz
1237,hBP06,ムーナ・ホシノヴァ,Moona Hoshinova,hBP01-088,C,0,0,1,50,Blue,Moona Hoshinova
1238,hBP06,白銀ノエル,Shirogane Noel,hBP02-016,SR,1,0,1,1980,White,Shirogane Noel
1239,hBP06,宝鐘マリン,Houshou Marine,hBP02-031,SR,1,0,1,1780,Red,Houshou Marine
1240,hBP06,森カリオペ,Mori Calliope,hBP02-054,C,0,0,1,80,Purple,Mori Calliope
1241,hBP06,森カリオペ,Mori Calliope,hBP02-054,HR,1,0,1,4980,Purple,Mori Calliope
1242,hBP06,姫森ルーナ,Himemori Luna,hBP03-009,C,0,0,1,50,White,Himemori Luna
1243,hBP06,ロボ子さん,Roboco-san,hBP03-057,C,0,0,1,50,Purple,Roboco-san
1244,hBP06,戌神ころね,Inugami Korone,hBP03-061,C,0,0,1,120,Yellow,Inugami Korone
1784,hBP06,ルーナイト,Lu-knights,hBP03-105,U,0,0,1,50,Support,Himemori Luna
1785,hBP06,ろぼさー,Roboser,hBP03-110,U,0,0,1,30,Support,Roboco-san
1245,hBP06,ラオーラ・パンテーラ,Raora Panthera,hBP04-016,C,0,0,1,80,White,Raora Panthera
1246,hBP06,雪花ラミィ,Yukihana Lamy,hBP04-043,C,0,0,1,50,Blue,Yukihana Lamy
1247,hBP06,雪花ラミィ,Yukihana Lamy,hBP04-043,HR,1,0,1,6980,Blue,Yukihana Lamy
1248,hBP06,大空スバル,Oozora Subaru,hBP04-067,C,0,0,1,80,Yellow,Oozora Subaru
1249,hBP06,大空スバル,Oozora Subaru,hBP04-067,HR,1,0,1,6980,Yellow,Oozora Subaru
1250,hBP06,夏色まつり,Natsuiro Matsuri,hBP04-079,C,0,0,1,50,Yellow,Natsuiro Matsuri
1251,hBP07,角巻わため,Tsunomaki Watame,hBP07-001,OSR,1,0,0,220,White,Tsunomaki Watame
1252,hBP07,角巻わため,Tsunomaki Watame,hBP07-001,OUR,1,0,0,12800,White,Tsunomaki Watame
1253,hBP07,ベスティア・ゼータ,Vestia Zeta,hBP07-002,OSR,1,0,0,220,White,Vestia Zeta
1254,hBP07,ベスティア・ゼータ,Vestia Zeta,hBP07-002,OUR,1,0,0,4980,White,Vestia Zeta
1255,hBP07,ベスティア・ゼータ,Vestia Zeta,hBP07-002,SEC,1,1,0,34800,White,Vestia Zeta
1256,hBP07,大神ミオ,Ookami Mio,hBP07-003,OSR,1,0,0,780,Green,Ookami Mio
1257,hBP07,大神ミオ,Ookami Mio,hBP07-003,OUR,1,0,0,14800,Green,Ookami Mio
1258,hBP07,大神ミオ,Ookami Mio,hBP07-003,SEC,1,1,0,89800,Green,Ookami Mio
1259,hBP07,赤井はあと,Akai Haato,hBP07-004,OSR,1,0,0,180,Red,Akai Haato
1260,hBP07,赤井はあと,Akai Haato,hBP07-004,OUR,1,0,0,12800,Red,Akai Haato
1261,hBP07,オーロ・クロニー,Ouro Kronii,hBP07-005,OSR,1,0,0,680,Blue,Ouro Kronii
1262,hBP07,オーロ・クロニー,Ouro Kronii,hBP07-005,OUR,1,0,0,24800,Blue,Ouro Kronii
1263,hBP07,AZKi,AZKi,hBP07-006,OSR,1,0,0,980,Purple,AZKi
1264,hBP07,AZKi,AZKi,hBP07-006,OUR,1,0,0,24800,Purple,AZKi
1265,hBP07,AZKi,AZKi,hBP07-006,SEC,1,1,0,118000,Purple,AZKi
1266,hBP07,桃鈴ねね,Momosuzu Nene,hBP07-007,OSR,1,0,0,220,Yellow,Momosuzu Nene
1267,hBP07,桃鈴ねね,Momosuzu Nene,hBP07-007,OUR,1,0,0,8980,Yellow,Momosuzu Nene
1268,hBP07,桃鈴ねね,Momosuzu Nene,hBP07-007,SEC,1,1,0,59800,Yellow,Momosuzu Nene
1269,hBP07,角巻わため,Tsunomaki Watame,hBP07-008,C,0,0,0,30,White,Tsunomaki Watame
1270,hBP07,角巻わため,Tsunomaki Watame,hBP07-009,U,0,0,0,50,White,Tsunomaki Watame
1271,hBP07,角巻わため,Tsunomaki Watame,hBP07-009,S,1,0,0,280,White,Tsunomaki Watame
1272,hBP07,角巻わため,Tsunomaki Watame,hBP07-010,C,0,0,0,50,White,Tsunomaki Watame
1273,hBP07,角巻わため,Tsunomaki Watame,hBP07-010,S,1,0,0,220,White,Tsunomaki Watame
1274,hBP07,角巻わため,Tsunomaki Watame,hBP07-011,C,0,0,0,30,White,Tsunomaki Watame
1275,hBP07,角巻わため,Tsunomaki Watame,hBP07-011,S,1,0,0,420,White,Tsunomaki Watame
1276,hBP07,角巻わため,Tsunomaki Watame,hBP07-012,R,1,0,0,120,White,Tsunomaki Watame
1277,hBP07,角巻わため,Tsunomaki Watame,hBP07-012,SR,1,0,0,500,White,Tsunomaki Watame
1278,hBP07,角巻わため,Tsunomaki Watame,hBP07-013,U,0,0,0,50,White,Tsunomaki Watame
1279,hBP07,角巻わため,Tsunomaki Watame,hBP07-013,S,1,0,0,280,White,Tsunomaki Watame
1280,hBP07,角巻わため,Tsunomaki Watame,hBP07-014,RR,1,0,0,180,White,Tsunomaki Watame
1281,hBP07,角巻わため,Tsunomaki Watame,hBP07-014,SR,1,0,0,680,White,Tsunomaki Watame
1282,hBP07,角巻わため,Tsunomaki Watame,hBP07-014,UR,1,0,0,4980,White,Tsunomaki Watame
1283,hBP07,ベスティア・ゼータ,Vestia Zeta,hBP07-015,C,0,0,0,30,White,Vestia Zeta
1284,hBP07,ベスティア・ゼータ,Vestia Zeta,hBP07-016,U,0,0,0,50,White,Vestia Zeta
1285,hBP07,ベスティア・ゼータ,Vestia Zeta,hBP07-016,S,1,0,0,280,White,Vestia Zeta
1286,hBP07,ベスティア・ゼータ,Vestia Zeta,hBP07-017,C,0,0,0,30,White,Vestia Zeta
1287,hBP07,ベスティア・ゼータ,Vestia Zeta,hBP07-017,S,1,0,0,180,White,Vestia Zeta
1288,hBP07,ベスティア・ゼータ,Vestia Zeta,hBP07-018,C,0,0,0,30,White,Vestia Zeta
1289,hBP07,ベスティア・ゼータ,Vestia Zeta,hBP07-018,S,1,0,0,180,White,Vestia Zeta
1290,hBP07,ベスティア・ゼータ,Vestia Zeta,hBP07-019,R,1,0,0,50,White,Vestia Zeta
1291,hBP07,ベスティア・ゼータ,Vestia Zeta,hBP07-019,SR,1,0,0,420,White,Vestia Zeta
1292,hBP07,ベスティア・ゼータ,Vestia Zeta,hBP07-020,U,0,0,0,50,White,Vestia Zeta
1293,hBP07,ベスティア・ゼータ,Vestia Zeta,hBP07-020,S,1,0,0,280,White,Vestia Zeta
1294,hBP07,ベスティア・ゼータ,Vestia Zeta,hBP07-021,RR,1,0,0,180,White,Vestia Zeta
1295,hBP07,ベスティア・ゼータ,Vestia Zeta,hBP07-021,SR,1,0,0,320,White,Vestia Zeta
1296,hBP07,ベスティア・ゼータ,Vestia Zeta,hBP07-021,UR,1,0,0,2480,White,Vestia Zeta
1297,hBP07,白銀ノエル,Shirogane Noel,hBP07-022,R,1,0,0,120,White,Shirogane Noel
1298,hBP07,白銀ノエル,Shirogane Noel,hBP07-022,SR,1,0,0,320,White,Shirogane Noel
1299,hBP07,大神ミオ,Ookami Mio,hBP07-023,C,0,0,0,30,Green,Ookami Mio
1300,hBP07,大神ミオ,Ookami Mio,hBP07-024,U,0,0,0,50,Green,Ookami Mio
1301,hBP07,大神ミオ,Ookami Mio,hBP07-024,S,1,0,0,500,Green,Ookami Mio
1302,hBP07,大神ミオ,Ookami Mio,hBP07-025,C,0,0,0,30,Green,Ookami Mio
1303,hBP07,大神ミオ,Ookami Mio,hBP07-025,S,1,0,0,120,Green,Ookami Mio
1304,hBP07,大神ミオ,Ookami Mio,hBP07-026,C,0,0,0,30,Green,Ookami Mio
1305,hBP07,大神ミオ,Ookami Mio,hBP07-026,S,1,0,0,180,Green,Ookami Mio
1306,hBP07,大神ミオ,Ookami Mio,hBP07-027,R,1,0,0,120,Green,Ookami Mio
1307,hBP07,大神ミオ,Ookami Mio,hBP07-027,SR,1,0,0,780,Green,Ookami Mio
1308,hBP07,大神ミオ,Ookami Mio,hBP07-028,U,0,0,0,50,Green,Ookami Mio
1309,hBP07,大神ミオ,Ookami Mio,hBP07-028,S,1,0,0,320,Green,Ookami Mio
1310,hBP07,大神ミオ,Ookami Mio,hBP07-029,RR,1,0,0,180,Green,Ookami Mio
1311,hBP07,大神ミオ,Ookami Mio,hBP07-029,SR,1,0,0,580,Green,Ookami Mio
1312,hBP07,大神ミオ,Ookami Mio,hBP07-029,UR,1,0,0,4980,Green,Ookami Mio
1313,hBP07,風真いろは,Kazama Iroha,hBP07-030,R,1,0,0,50,Green,Kazama Iroha
1314,hBP07,風真いろは,Kazama Iroha,hBP07-030,SR,1,0,0,420,Green,Kazama Iroha
1315,hBP07,アイラニ・イオフィフティーン,Airani Iofifteen,hBP07-031,R,1,0,0,50,Green,Airani Iofifteen
1316,hBP07,アイラニ・イオフィフティーン,Airani Iofifteen,hBP07-031,SR,1,0,0,320,Green,Airani Iofifteen
1317,hBP07,輪堂千速,Rindo Chihaya,hBP07-032,C,0,0,0,30,Green,Rindo Chihaya
1318,hBP07,輪堂千速,Rindo Chihaya,hBP07-033,U,0,0,0,50,Green,Rindo Chihaya
1319,hBP07,輪堂千速,Rindo Chihaya,hBP07-033,S,1,0,0,420,Green,Rindo Chihaya
1320,hBP07,輪堂千速,Rindo Chihaya,hBP07-034,R,1,0,0,80,Green,Rindo Chihaya
1321,hBP07,輪堂千速,Rindo Chihaya,hBP07-034,SR,1,0,0,780,Green,Rindo Chihaya
1322,hBP07,輪堂千速,Rindo Chihaya,hBP07-035,RR,1,0,0,180,Green,Rindo Chihaya
1323,hBP07,輪堂千速,Rindo Chihaya,hBP07-035,SR,1,0,0,500,Green,Rindo Chihaya
1324,hBP07,輪堂千速,Rindo Chihaya,hBP07-035,UR,1,0,0,7980,Green,Rindo Chihaya
1325,hBP07,赤井はあと,Akai Haato,hBP07-036,C,0,0,0,30,Red,Akai Haato
1326,hBP07,赤井はあと,Akai Haato,hBP07-037,U,0,0,0,50,Red,Akai Haato
1327,hBP07,赤井はあと,Akai Haato,hBP07-037,S,1,0,0,420,Red,Akai Haato
1328,hBP07,赤井はあと,Akai Haato,hBP07-038,C,0,0,0,30,Red,Akai Haato
1329,hBP07,赤井はあと,Akai Haato,hBP07-038,S,1,0,0,180,Red,Akai Haato
1330,hBP07,赤井はあと,Akai Haato,hBP07-039,C,0,0,0,30,Red,Akai Haato
1331,hBP07,赤井はあと,Akai Haato,hBP07-039,S,1,0,0,320,Red,Akai Haato
1332,hBP07,赤井はあと,Akai Haato,hBP07-040,R,1,0,0,80,Red,Akai Haato
1333,hBP07,赤井はあと,Akai Haato,hBP07-040,SR,1,0,0,500,Red,Akai Haato
1334,hBP07,赤井はあと,Akai Haato,hBP07-041,U,0,0,0,50,Red,Akai Haato
1335,hBP07,赤井はあと,Akai Haato,hBP07-041,S,1,0,0,120,Red,Akai Haato
1336,hBP07,赤井はあと,Akai Haato,hBP07-042,RR,1,0,0,180,Red,Akai Haato
1337,hBP07,赤井はあと,Akai Haato,hBP07-042,SR,1,0,0,420,Red,Akai Haato
1338,hBP07,赤井はあと,Akai Haato,hBP07-042,UR,1,0,0,3980,Red,Akai Haato
1339,hBP07,さくらみこ,Sakura Miko,hBP07-043,R,1,0,0,50,Red,Sakura Miko
1340,hBP07,さくらみこ,Sakura Miko,hBP07-043,SR,1,0,0,680,Red,Sakura Miko
1341,hBP07,尾丸ポルカ,Omaru Polka,hBP07-044,R,1,0,0,50,Red,Omaru Polka
1342,hBP07,尾丸ポルカ,Omaru Polka,hBP07-044,SR,1,0,0,420,Red,Omaru Polka
1343,hBP07,ハコス・ベールズ,Hakos Baelz,hBP07-045,R,1,0,0,180,Red,Hakos Baelz
1344,hBP07,ハコス・ベールズ,Hakos Baelz,hBP07-045,SR,1,0,0,780,Red,Hakos Baelz
1345,hBP07,エリザベス・ローズ・ブラッドフレイム,Elizabeth Rose Bloodflame,hBP07-046,C,0,0,0,50,Red,Elizabeth Rose Bloodflame
1346,hBP07,エリザベス・ローズ・ブラッドフレイム,Elizabeth Rose Bloodflame,hBP07-047,U,0,0,0,50,Red,Elizabeth Rose Bloodflame
1347,hBP07,エリザベス・ローズ・ブラッドフレイム,Elizabeth Rose Bloodflame,hBP07-047,S,1,0,0,220,Red,Elizabeth Rose Bloodflame
1348,hBP07,エリザベス・ローズ・ブラッドフレイム,Elizabeth Rose Bloodflame,hBP07-048,R,1,0,0,280,Red,Elizabeth Rose Bloodflame
1349,hBP07,エリザベス・ローズ・ブラッドフレイム,Elizabeth Rose Bloodflame,hBP07-048,SR,1,0,0,780,Red,Elizabeth Rose Bloodflame
1350,hBP07,エリザベス・ローズ・ブラッドフレイム,Elizabeth Rose Bloodflame,hBP07-049,RR,1,0,0,180,Red,Elizabeth Rose Bloodflame
1351,hBP07,エリザベス・ローズ・ブラッドフレイム,Elizabeth Rose Bloodflame,hBP07-049,SR,1,0,0,320,Red,Elizabeth Rose Bloodflame
1352,hBP07,エリザベス・ローズ・ブラッドフレイム,Elizabeth Rose Bloodflame,hBP07-049,UR,1,0,0,2980,Red,Elizabeth Rose Bloodflame
1353,hBP07,オーロ・クロニー,Ouro Kronii,hBP07-050,C,0,0,0,50,Blue,Ouro Kronii
1354,hBP07,オーロ・クロニー,Ouro Kronii,hBP07-051,U,0,0,0,50,Blue,Ouro Kronii
1355,hBP07,オーロ・クロニー,Ouro Kronii,hBP07-051,S,1,0,0,580,Blue,Ouro Kronii
1356,hBP07,オーロ・クロニー,Ouro Kronii,hBP07-052,C,0,0,0,30,Blue,Ouro Kronii
1357,hBP07,オーロ・クロニー,Ouro Kronii,hBP07-052,S,1,0,0,180,Blue,Ouro Kronii
1358,hBP07,オーロ・クロニー,Ouro Kronii,hBP07-053,C,0,0,0,30,Blue,Ouro Kronii
1359,hBP07,オーロ・クロニー,Ouro Kronii,hBP07-053,S,1,0,0,580,Blue,Ouro Kronii
1360,hBP07,オーロ・クロニー,Ouro Kronii,hBP07-054,R,1,0,0,120,Blue,Ouro Kronii
1361,hBP07,オーロ・クロニー,Ouro Kronii,hBP07-054,SR,1,0,0,980,Blue,Ouro Kronii
1362,hBP07,オーロ・クロニー,Ouro Kronii,hBP07-055,U,0,0,0,50,Blue,Ouro Kronii
1363,hBP07,オーロ・クロニー,Ouro Kronii,hBP07-055,S,1,0,0,420,Blue,Ouro Kronii
1364,hBP07,オーロ・クロニー,Ouro Kronii,hBP07-056,RR,1,0,0,420,Blue,Ouro Kronii
1365,hBP07,オーロ・クロニー,Ouro Kronii,hBP07-056,SR,1,0,0,780,Blue,Ouro Kronii
1366,hBP07,オーロ・クロニー,Ouro Kronii,hBP07-056,UR,1,0,0,6980,Blue,Ouro Kronii
1367,hBP07,猫又おかゆ,Nekomata Okayu,hBP07-057,R,1,0,0,50,Blue,Nekomata Okayu
1368,hBP07,猫又おかゆ,Nekomata Okayu,hBP07-057,SR,1,0,0,420,Blue,Nekomata Okayu
1369,hBP07,こぼ・かなえる,Kobo Kanaeru,hBP07-058,R,1,0,0,50,Blue,Kobo Kanaeru
1370,hBP07,こぼ・かなえる,Kobo Kanaeru,hBP07-058,SR,1,0,0,420,Blue,Kobo Kanaeru
1371,hBP07,シオリ・ノヴェラ,Shiori Novella,hBP07-059,C,0,0,0,30,Blue,Shiori Novella
1372,hBP07,シオリ・ノヴェラ,Shiori Novella,hBP07-060,U,0,0,0,50,Blue,Shiori Novella
1373,hBP07,シオリ・ノヴェラ,Shiori Novella,hBP07-060,S,1,0,0,180,Blue,Shiori Novella
1374,hBP07,シオリ・ノヴェラ,Shiori Novella,hBP07-061,R,1,0,0,50,Blue,Shiori Novella
1375,hBP07,シオリ・ノヴェラ,Shiori Novella,hBP07-061,SR,1,0,0,420,Blue,Shiori Novella
1376,hBP07,シオリ・ノヴェラ,Shiori Novella,hBP07-062,RR,1,0,0,180,Blue,Shiori Novella
1377,hBP07,シオリ・ノヴェラ,Shiori Novella,hBP07-062,SR,1,0,0,420,Blue,Shiori Novella
1378,hBP07,シオリ・ノヴェラ,Shiori Novella,hBP07-062,UR,1,0,0,2480,Blue,Shiori Novella
1379,hBP07,AZKi,AZKi,hBP07-063,C,0,0,0,80,Purple,AZKi
1380,hBP07,AZKi,AZKi,hBP07-064,U,0,0,0,50,Purple,AZKi
1381,hBP07,AZKi,AZKi,hBP07-064,S,1,0,0,780,Purple,AZKi
1382,hBP07,AZKi,AZKi,hBP07-065,C,0,0,0,50,Purple,AZKi
1383,hBP07,AZKi,AZKi,hBP07-065,S,1,0,0,580,Purple,AZKi
1384,hBP07,AZKi,AZKi,hBP07-066,C,0,0,0,80,Purple,AZKi
1385,hBP07,AZKi,AZKi,hBP07-066,S,1,0,0,220,Purple,AZKi
1386,hBP07,AZKi,AZKi,hBP07-067,R,1,0,0,220,Purple,AZKi
1387,hBP07,AZKi,AZKi,hBP07-067,SR,1,0,0,1480,Purple,AZKi
1388,hBP07,AZKi,AZKi,hBP07-068,U,0,0,0,50,Purple,AZKi
1389,hBP07,AZKi,AZKi,hBP07-068,S,1,0,0,220,Purple,AZKi
1390,hBP07,AZKi,AZKi,hBP07-069,RR,1,0,0,320,Purple,AZKi
1391,hBP07,AZKi,AZKi,hBP07-069,SR,1,0,0,980,Purple,AZKi
1392,hBP07,AZKi,AZKi,hBP07-069,UR,1,0,0,9980,Purple,AZKi
1393,hBP07,癒月ちょこ,Yuzuki Choco,hBP07-070,R,1,0,0,50,Purple,Yuzuki Choco
1394,hBP07,癒月ちょこ,Yuzuki Choco,hBP07-070,SR,1,0,0,500,Purple,Yuzuki Choco
1395,hBP07,ラプラス・ダークネス,La+ Darknesss,hBP07-071,C,0,0,0,30,Purple,La+ Darknesss
1396,hBP07,ラプラス・ダークネス,La+ Darknesss,hBP07-071,S,1,0,0,280,Purple,La+ Darknesss
1397,hBP07,ラプラス・ダークネス,La+ Darknesss,hBP07-072,U,0,0,0,50,Purple,La+ Darknesss
1398,hBP07,ラプラス・ダークネス,La+ Darknesss,hBP07-072,S,1,0,0,320,Purple,La+ Darknesss
1399,hBP07,ラプラス・ダークネス,La+ Darknesss,hBP07-073,R,1,0,0,80,Purple,La+ Darknesss
1400,hBP07,ラプラス・ダークネス,La+ Darknesss,hBP07-073,SR,1,0,0,680,Purple,La+ Darknesss
1401,hBP07,ラプラス・ダークネス,La+ Darknesss,hBP07-074,RR,1,0,0,120,Purple,La+ Darknesss
1402,hBP07,ラプラス・ダークネス,La+ Darknesss,hBP07-074,SR,1,0,0,420,Purple,La+ Darknesss
1403,hBP07,ラプラス・ダークネス,La+ Darknesss,hBP07-074,UR,1,0,0,1980,Purple,La+ Darknesss
1404,hBP07,古石ビジュー,Koseki Bijou,hBP07-075,R,1,0,0,50,Purple,Koseki Bijou
1405,hBP07,古石ビジュー,Koseki Bijou,hBP07-075,SR,1,0,0,500,Purple,Koseki Bijou
1406,hBP07,ネリッサ・レイヴンクロフト,Nerissa Ravencroft,hBP07-076,R,1,0,0,50,Purple,Nerissa Ravencroft
1407,hBP07,ネリッサ・レイヴンクロフト,Nerissa Ravencroft,hBP07-076,SR,1,0,0,780,Purple,Nerissa Ravencroft
1408,hBP07,桃鈴ねね,Momosuzu Nene,hBP07-077,C,0,0,0,30,Yellow,Momosuzu Nene
1409,hBP07,桃鈴ねね,Momosuzu Nene,hBP07-078,U,0,0,0,50,Yellow,Momosuzu Nene
1410,hBP07,桃鈴ねね,Momosuzu Nene,hBP07-078,S,1,0,0,320,Yellow,Momosuzu Nene
1411,hBP07,桃鈴ねね,Momosuzu Nene,hBP07-079,C,0,0,0,30,Yellow,Momosuzu Nene
1412,hBP07,桃鈴ねね,Momosuzu Nene,hBP07-079,S,1,0,0,320,Yellow,Momosuzu Nene
1413,hBP07,桃鈴ねね,Momosuzu Nene,hBP07-080,C,0,0,0,30,Yellow,Momosuzu Nene
1414,hBP07,桃鈴ねね,Momosuzu Nene,hBP07-080,S,1,0,0,180,Yellow,Momosuzu Nene
1415,hBP07,桃鈴ねね,Momosuzu Nene,hBP07-081,R,1,0,0,50,Yellow,Momosuzu Nene
1416,hBP07,桃鈴ねね,Momosuzu Nene,hBP07-081,SR,1,0,0,580,Yellow,Momosuzu Nene
1417,hBP07,桃鈴ねね,Momosuzu Nene,hBP07-082,U,0,0,0,50,Yellow,Momosuzu Nene
1418,hBP07,桃鈴ねね,Momosuzu Nene,hBP07-082,S,1,0,0,320,Yellow,Momosuzu Nene
1419,hBP07,桃鈴ねね,Momosuzu Nene,hBP07-083,RR,1,0,0,180,Yellow,Momosuzu Nene
1420,hBP07,桃鈴ねね,Momosuzu Nene,hBP07-083,SR,1,0,0,580,Yellow,Momosuzu Nene
1421,hBP07,桃鈴ねね,Momosuzu Nene,hBP07-083,UR,1,0,0,9980,Yellow,Momosuzu Nene
1422,hBP07,夏色まつり,Natsuiro Matsuri,hBP07-084,R,1,0,0,50,Yellow,Natsuiro Matsuri
1423,hBP07,夏色まつり,Natsuiro Matsuri,hBP07-084,SR,1,0,0,320,Yellow,Natsuiro Matsuri
1424,hBP07,不知火フレア,Shiranui Flare,hBP07-085,R,1,0,0,80,Yellow,Shiranui Flare
1425,hBP07,不知火フレア,Shiranui Flare,hBP07-085,SR,1,0,0,420,Yellow,Shiranui Flare
1426,hBP07,ジジ・ムリン,Gigi Murin,hBP07-086,R,1,0,0,50,Yellow,Gigi Murin
1427,hBP07,ジジ・ムリン,Gigi Murin,hBP07-086,SR,1,0,0,500,Yellow,Gigi Murin
1428,hBP07,虎金妃笑虎,Koganei Niko,hBP07-087,C,0,0,0,30,Yellow,Koganei Niko
1429,hBP07,虎金妃笑虎,Koganei Niko,hBP07-088,U,0,0,0,50,Yellow,Koganei Niko
1430,hBP07,虎金妃笑虎,Koganei Niko,hBP07-088,S,1,0,0,180,Yellow,Koganei Niko
1431,hBP07,虎金妃笑虎,Koganei Niko,hBP07-089,R,1,0,0,80,Yellow,Koganei Niko
1432,hBP07,虎金妃笑虎,Koganei Niko,hBP07-089,SR,1,0,0,500,Yellow,Koganei Niko
1433,hBP07,虎金妃笑虎,Koganei Niko,hBP07-090,RR,1,0,0,120,Yellow,Koganei Niko
1434,hBP07,虎金妃笑虎,Koganei Niko,hBP07-090,SR,1,0,0,320,Yellow,Koganei Niko
1435,hBP07,虎金妃笑虎,Koganei Niko,hBP07-090,UR,1,0,0,2980,Yellow,Koganei Niko
1436,hBP07,ライブスタッフ,Live Staff,hBP07-091,C,0,0,0,120,Support,
1437,hBP07,ライブスタッフ,Live Staff,hBP07-091,S,1,0,0,980,Support,
1438,hBP07,アーカイブパソコン,Archive PC,hBP07-092,U,0,0,0,120,Support,Shiori Novella
1439,hBP07,アーカイブパソコン,Archive PC,hBP07-092,S,1,0,0,680,Support,Shiori Novella
1440,hBP07,うまみー!,Delicious!,hBP07-093,C,0,0,0,30,Support,Vestia Zeta
1441,hBP07,うまみー!,Delicious!,hBP07-093,S,1,0,0,120,Support,Vestia Zeta
1442,hBP07,ギリわるロボ,Not-so-bad Robot,hBP07-094,U,0,0,0,320,Support,Tsunomaki Watame
1443,hBP07,クロスインパクト,Cross Impact,hBP07-095,C,0,0,0,30,Support,"Nerissa Ravencroft, Elizabeth Rose Bloodflame"
1444,hBP07,クロスインパクト,Cross Impact,hBP07-095,S,1,0,0,180,Support,"Nerissa Ravencroft, Elizabeth Rose Bloodflame"
1445,hBP07,ちゃま旅,Chama's Trip,hBP07-096,U,0,0,0,50,Support,Akai Haato
1446,hBP07,ちゃま旅,Chama's Trip,hBP07-096,S,1,0,0,320,Support,Akai Haato
1447,hBP07,時の支配者 -Promise-,Ruler of Time -Promise-,hBP07-097,U,0,0,0,180,Support,Ouro Kronii
1448,hBP07,ビッグゴッドミオーンの占い,Big God Mion's Fortune-Telling,hBP07-098,U,0,0,0,80,Support,Ookami Mio
1449,hBP07,ビッグゴッドミオーンの占い,Big God Mion's Fortune-Telling,hBP07-098,S,1,0,0,280,Support,Ookami Mio
1450,hBP07,ブヒー！,Oink!,hBP07-099,C,0,0,0,120,Support,"AZKi,La+ Darknesss"
1451,hBP07,ブヒー！,Oink!,hBP07-099,S,1,0,0,1280,Support,"AZKi,La+ Darknesss"
1452,hBP07,フロンティアスピリット,Frontier Spirit,hBP07-100,U,0,0,0,80,Support,AZKi
1453,hBP07,ASMRマイク,ASMR Microphone,hBP07-101,C,0,0,0,120,Support,Shirogane Noel
1454,hBP07,ASMRマイク,ASMR Microphone,hBP07-101,S,1,0,0,280,Support,Shirogane Noel
1455,hBP07,角巻わため,Tsunomaki Watame,hBP07-102,U,0,0,0,30,Support,Tsunomaki Watame
1456,hBP07,角巻わため,Tsunomaki Watame,hBP07-102,S,1,0,0,320,Support,Tsunomaki Watame
1457,hBP07,ギラファノコギリクワガタ,Giraffa stag beetle,hBP07-103,U,0,0,0,30,Support,Momosuzu Nene
1458,hBP07,ギラファノコギリクワガタ,Giraffa stag beetle,hBP07-103,S,1,0,0,220,Support,Momosuzu Nene
1459,hBP07,Thorn,Thorn,hBP07-104,U,0,0,0,30,Support,Elizabeth Rose Bloodflame
1460,hBP07,Thorn,Thorn,hBP07-104,S,1,0,0,180,Support,Elizabeth Rose Bloodflame
1461,hBP07,BAZO,BAZO,hBP07-105,C,0,0,0,30,Support,Vestia Zeta
1462,hBP07,BAZO,BAZO,hBP07-105,S,1,0,0,120,Support,Vestia Zeta
1463,hBP07,ハトタウロス,Hatotauros,hBP07-106,U,0,0,0,30,Support,Ookami Mio
1464,hBP07,ハトタウロス,Hatotauros,hBP07-106,S,1,0,0,280,Support,Ookami Mio
1465,hBP07,Boros,Boros,hBP07-107,U,0,0,0,30,Support,Ouro Kronii
1466,hBP07,Boros,Boros,hBP07-107,S,1,0,0,120,Support,Ouro Kronii
1467,hBP07,Zecretary,Zecretary,hBP07-108,C,0,0,0,30,Support,Vestia Zeta
1468,hBP07,Zecretary,Zecretary,hBP07-108,S,1,0,0,180,Support,Vestia Zeta
1469,hBP07,Kronies,Kronies,hBP07-109,C,0,0,0,30,Support,Ouro Kronii
1470,hBP07,Kronies,Kronies,hBP07-109,S,1,0,0,120,Support,Ouro Kronii
1471,hBP07,ねっ子,Rootlet,hBP07-110,C,0,0,0,30,Support,Momosuzu Nene
1472,hBP07,ねっ子,Rootlet,hBP07-110,S,1,0,0,320,Support,Momosuzu Nene
1519,hBP07,白エール,White Cheer,hY01-012,SY,1,0,0,1280,White,Shirogane Noel
1520,hBP07,緑エール,Green Cheer,hY02-010,SY,1,0,0,2980,Green,Rindo Chihaya
1521,hBP07,赤エール,Red Cheer,hY03-014,SY,1,0,0,1980,Red,Omaru Polka
1522,hBP07,青エール,Blue Cheer,hY04-011,SY,1,0,0,1280,Blue,Kobo Kanaeru
1523,hBP07,紫エール,Purple Cheer,hY05-009,SY,1,0,0,1280,Purple,Koseki Bijou
1524,hBP07,黄エール,Yellow Cheer,hY06-009,SY,1,0,0,1980,Yellow,Momosuzu Nene
1473,hBP07,輪堂千速,Rindo Chihaya,hSD10-002,C,0,0,1,80,Green,Rindo Chihaya
1525,hBP07,ふぐ太郎,Fugutaro,hSD10-013,C,0,0,1,80,Support,"Isaki Riona, Koganei Niko, Mizumiya Su, Rindo Chihaya, Kikirara Vivi"
1474,hBP07,虎金妃笑虎,Koganei Niko,hSD11-002,C,0,0,1,50,Yellow,Koganei Niko
1475,hBP07,ベスティア・ゼータ,Vestia Zeta,hBP01-024,C,0,0,1,50,White,Vestia Zeta
1476,hBP07,ベスティア・ゼータ,Vestia Zeta,hBP01-024,HR,1,0,1,3480,White,Vestia Zeta
1477,hBP07,AZKi,AZKi,hBP01-044,C,0,0,1,80,Green,AZKi
1478,hBP07,AZKi,AZKi,hBP01-044,HR,1,0,1,6980,Green,AZKi
1479,hBP07,オーロ・クロニー,Ouro Kronii,hBP01-092,C,0,0,1,80,Blue,Ouro Kronii
1480,hBP07,オーロ・クロニー,Ouro Kronii,hBP01-092,HR,1,0,1,4980,Blue,Ouro Kronii
1787,hBP07,開拓者,Pioneers,hBP01-124,C,0,0,1,80,Support,AZKi
1481,hBP07,大神ミオ,Ookami Mio,hBP02-024,C,0,0,1,50,Green,Ookami Mio
1788,hBP07,ミオファ,Mio-fam,hBP02-101,C,0,0,1,30,Support,Ookami Mio
1482,hBP07,さくらみこ,Sakura Miko,hBP03-025,HR,1,0,1,5980,Red,Sakura Miko
1483,hBP07,赤井はあと,Akai Haato,hBP03-031,C,0,0,1,80,Red,Akai Haato
1484,hBP07,角巻わため,Tsunomaki Watame,hBP03-067,C,0,0,1,80,Yellow,Tsunomaki Watame
1485,hBP07,角巻わため,Tsunomaki Watame,hBP03-067,HR,1,0,1,3980,Yellow,Tsunomaki Watame
1789,hBP07,わためいと,Watamates,hBP03-112,U,0,0,1,50,Support,Tsunomaki Watame
1486,hBP07,シオリ・ノヴェラ,Shiori Novella,hBP04-050,C,0,0,1,50,Blue,Shiori Novella
1487,hBP07,ラプラス・ダークネス,La+ Darknesss,hBP04-054,C,0,0,1,50,Purple,La+ Darknesss
1488,hBP07,ラプラス・ダークネス,La+ Darknesss,hBP04-054,HR,1,0,1,4980,Purple,La+ Darknesss
1489,hBP07,桃鈴ねね,Momosuzu Nene,hBP04-083,C,0,0,1,50,Yellow,Momosuzu Nene
1531,hBP08,IRyS,IRyS,hBP08-001,OSR,1,0,0,220,White,IRyS
1532,hBP08,IRyS,IRyS,hBP08-001,OUR,1,0,0,14800,White,IRyS
1533,hBP08,セシリア・イマーグリーン,Cecilia Immergreen,hBP08-002,OSR,1,0,0,220,Green,Cecilia Immergreen
1534,hBP08,セシリア・イマーグリーン,Cecilia Immergreen,hBP08-002,OUR,1,0,0,9980,Green,Cecilia Immergreen
1535,hBP08,フワモコ,FUWAMOCO,hBP08-003,OSR,1,0,0,1280,Red,"Fuwawa Abyssgard, Mococo Abyssgard"
1536,hBP08,フワモコ,FUWAMOCO,hBP08-003,OUR,1,0,0,29800,Red,"Fuwawa Abyssgard, Mococo Abyssgard"
1537,hBP08,フワモコ,FUWAMOCO,hBP08-003,SEC,1,1,0,138000,Red,"Fuwawa Abyssgard, Mococo Abyssgard"
1538,hBP08,水宮枢,Mizumiya Su,hBP08-004,OSR,1,0,0,680,Blue,Mizumiya Su
1539,hBP08,水宮枢,Mizumiya Su,hBP08-004,OUR,1,0,0,24800,Blue,Mizumiya Su
1540,hBP08,水宮枢,Mizumiya Su,hBP08-004,SEC,1,1,0,128000,Blue,Mizumiya Su
1541,hBP08,鷹嶺ルイ,Takane Lui,hBP08-005,OSR,1,0,0,280,Purple,Takane Lui
1542,hBP08,鷹嶺ルイ,Takane Lui,hBP08-005,OUR,1,0,0,12800,Purple,Takane Lui
1543,hBP08,鷹嶺ルイ,Takane Lui,hBP08-005,SEC,1,1,0,59800,Purple,Takane Lui
1544,hBP08,一伊那尓栖,Ninomae Ina'nis,hBP08-006,OSR,1,0,0,780,Purple,Ninomae Ina'nis
1545,hBP08,一伊那尓栖,Ninomae Ina'nis,hBP08-006,OUR,1,0,0,24800,Purple,Ninomae Ina'nis
1546,hBP08,一伊那尓栖,Ninomae Ina'nis,hBP08-006,SEC,1,1,0,108000,Purple,Ninomae Ina'nis
1547,hBP08,音乃瀬奏,Otonose Kanade,hBP08-007,OSR,1,0,0,280,Yellow,Otonose Kanade
1548,hBP08,音乃瀬奏,Otonose Kanade,hBP08-007,OUR,1,0,0,12800,Yellow,Otonose Kanade
1549,hBP08,音乃瀬奏,Otonose Kanade,hBP08-007,SEC,1,1,0,59800,Yellow,Otonose Kanade
1550,hBP08,IRyS,IRyS,hBP08-008,C,0,0,0,30,White,IRyS
1551,hBP08,IRyS,IRyS,hBP08-009,U,0,0,0,30,White,IRyS
1552,hBP08,IRyS,IRyS,hBP08-009,S,1,0,0,280,White,IRyS
1553,hBP08,IRyS,IRyS,hBP08-010,C,0,0,0,30,White,IRyS
1554,hBP08,IRyS,IRyS,hBP08-010,S,1,0,0,280,White,IRyS
1555,hBP08,IRyS,IRyS,hBP08-011,C,0,0,0,30,White,IRyS
1556,hBP08,IRyS,IRyS,hBP08-011,S,1,0,0,320,White,IRyS
1557,hBP08,IRyS,IRyS,hBP08-012,R,1,0,0,50,White,IRyS
1558,hBP08,IRyS,IRyS,hBP08-012,SR,1,0,0,500,White,IRyS
1559,hBP08,IRyS,IRyS,hBP08-013,U,0,0,0,30,White,IRyS
1560,hBP08,IRyS,IRyS,hBP08-013,S,1,0,0,280,White,IRyS
1561,hBP08,IRyS,IRyS,hBP08-014,RR,1,0,0,120,White,IRyS
1562,hBP08,IRyS,IRyS,hBP08-014,SR,1,0,0,500,White,IRyS
1563,hBP08,IRyS,IRyS,hBP08-014,UR,1,0,0,3980,White,IRyS
1564,hBP08,ときのそら,Tokino Sora,hBP08-015,C,0,0,0,30,White,Tokino Sora
1565,hBP08,ときのそら,Tokino Sora,hBP08-015,S,1,0,0,420,White,Tokino Sora
1566,hBP08,ときのそら,Tokino Sora,hBP08-016,U,0,0,0,50,White,Tokino Sora
1567,hBP08,ときのそら,Tokino Sora,hBP08-016,S,1,0,0,420,White,Tokino Sora
1568,hBP08,ときのそら,Tokino Sora,hBP08-017,R,1,0,0,180,White,Tokino Sora
1569,hBP08,ときのそら,Tokino Sora,hBP08-017,SR,1,0,0,780,White,Tokino Sora
1570,hBP08,ときのそら,Tokino Sora,hBP08-018,RR,1,0,0,120,White,Tokino Sora
1571,hBP08,ときのそら,Tokino Sora,hBP08-018,SR,1,0,0,420,White,Tokino Sora
1572,hBP08,ときのそら,Tokino Sora,hBP08-018,UR,1,0,0,3980,White,Tokino Sora
1573,hBP08,ラオーラ・パンテーラ,Raora Panthera,hBP08-019,U,0,0,0,30,White,Raora Panthera
1574,hBP08,ラオーラ・パンテーラ,Raora Panthera,hBP08-019,S,1,0,0,320,White,Raora Panthera
1575,hBP08,響咲リオナ,Isaki Riona,hBP08-020,R,1,0,0,80,White,Isaki Riona
1576,hBP08,響咲リオナ,Isaki Riona,hBP08-020,SR,1,0,0,680,White,Isaki Riona
1577,hBP08,セシリア・イマーグリーン,Cecilia Immergreen,hBP08-021,C,0,0,0,30,Green,Cecilia Immergreen
1578,hBP08,セシリア・イマーグリーン,Cecilia Immergreen,hBP08-022,U,0,0,0,30,Green,Cecilia Immergreen
1579,hBP08,セシリア・イマーグリーン,Cecilia Immergreen,hBP08-022,S,1,0,0,420,Green,Cecilia Immergreen
1580,hBP08,セシリア・イマーグリーン,Cecilia Immergreen,hBP08-023,C,0,0,0,30,Green,Cecilia Immergreen
1581,hBP08,セシリア・イマーグリーン,Cecilia Immergreen,hBP08-023,S,1,0,0,220,Green,Cecilia Immergreen
1582,hBP08,セシリア・イマーグリーン,Cecilia Immergreen,hBP08-024,C,0,0,0,30,Green,Cecilia Immergreen
1583,hBP08,セシリア・イマーグリーン,Cecilia Immergreen,hBP08-024,S,1,0,0,280,Green,Cecilia Immergreen
1584,hBP08,セシリア・イマーグリーン,Cecilia Immergreen,hBP08-025,R,1,0,0,50,Green,Cecilia Immergreen
1585,hBP08,セシリア・イマーグリーン,Cecilia Immergreen,hBP08-025,SR,1,0,0,420,Green,Cecilia Immergreen
1586,hBP08,セシリア・イマーグリーン,Cecilia Immergreen,hBP08-026,U,0,0,0,30,Green,Cecilia Immergreen
1587,hBP08,セシリア・イマーグリーン,Cecilia Immergreen,hBP08-026,S,1,0,0,180,Green,Cecilia Immergreen
1588,hBP08,セシリア・イマーグリーン,Cecilia Immergreen,hBP08-027,RR,1,0,0,120,Green,Cecilia Immergreen
1589,hBP08,セシリア・イマーグリーン,Cecilia Immergreen,hBP08-027,SR,1,0,0,500,Green,Cecilia Immergreen
1590,hBP08,セシリア・イマーグリーン,Cecilia Immergreen,hBP08-027,UR,1,0,0,2980,Green,Cecilia Immergreen
1591,hBP08,アキ・ローゼンタール,Aki Rosenthal,hBP08-028,R,1,0,0,50,Green,Aki Rosenthal
1592,hBP08,アキ・ローゼンタール,Aki Rosenthal,hBP08-028,SR,1,0,0,420,Green,Aki Rosenthal
1593,hBP08,風真いろは,Kazama Iroha,hBP08-029,U,0,0,0,50,Green,Kazama Iroha
1594,hBP08,風真いろは,Kazama Iroha,hBP08-029,S,1,0,0,420,Green,Kazama Iroha
1595,hBP08,パヴォリア・レイネ,Pavolia Reine,hBP08-030,C,0,0,0,30,Green,Pavolia Reine
1596,hBP08,パヴォリア・レイネ,Pavolia Reine,hBP08-030,S,1,0,0,220,Green,Pavolia Reine
1597,hBP08,パヴォリア・レイネ,Pavolia Reine,hBP08-031,R,1,0,0,50,Green,Pavolia Reine
1598,hBP08,パヴォリア・レイネ,Pavolia Reine,hBP08-031,SR,1,0,0,320,Green,Pavolia Reine
1599,hBP08,パヴォリア・レイネ,Pavolia Reine,hBP08-032,U,0,0,0,30,Green,Pavolia Reine
1600,hBP08,パヴォリア・レイネ,Pavolia Reine,hBP08-032,S,1,0,0,180,Green,Pavolia Reine
1601,hBP08,パヴォリア・レイネ,Pavolia Reine,hBP08-033,RR,1,0,0,120,Green,Pavolia Reine
1602,hBP08,パヴォリア・レイネ,Pavolia Reine,hBP08-033,SR,1,0,0,220,Green,Pavolia Reine
1603,hBP08,パヴォリア・レイネ,Pavolia Reine,hBP08-033,UR,1,0,0,1780,Green,Pavolia Reine
1604,hBP08,モココ・アビスガード,Mococo Abyssgard,hBP08-034,C,0,0,0,80,Red,Mococo Abyssgard
1605,hBP08,モココ・アビスガード,Mococo Abyssgard,hBP08-035,U,0,0,0,50,Red,Mococo Abyssgard
1606,hBP08,モココ・アビスガード,Mococo Abyssgard,hBP08-035,S,1,0,0,180,Red,Mococo Abyssgard
1607,hBP08,モココ・アビスガード,Mococo Abyssgard,hBP08-036,C,0,0,0,50,Red,Mococo Abyssgard
1608,hBP08,モココ・アビスガード,Mococo Abyssgard,hBP08-036,S,1,0,0,180,Red,Mococo Abyssgard
1609,hBP08,モココ・アビスガード,Mococo Abyssgard,hBP08-037,R,1,0,0,120,Red,Mococo Abyssgard
1610,hBP08,モココ・アビスガード,Mococo Abyssgard,hBP08-037,SR,1,0,0,780,Red,Mococo Abyssgard
1611,hBP08,モココ・アビスガード,Mococo Abyssgard,hBP08-038,R,1,0,0,80,Red,Mococo Abyssgard
1612,hBP08,モココ・アビスガード,Mococo Abyssgard,hBP08-038,SR,1,0,0,420,Red,Mococo Abyssgard
1613,hBP08,モココ・アビスガード,Mococo Abyssgard,hBP08-039,RR,1,0,0,180,Red,Mococo Abyssgard
1614,hBP08,モココ・アビスガード,Mococo Abyssgard,hBP08-039,SR,1,0,0,1280,Red,Mococo Abyssgard
1615,hBP08,モココ・アビスガード,Mococo Abyssgard,hBP08-039,UR,1,0,0,7980,Red,Mococo Abyssgard
1616,hBP08,百鬼あやめ,Nakiri Ayame,hBP08-040,R,1,0,0,50,Red,Nakiri Ayame
1617,hBP08,百鬼あやめ,Nakiri Ayame,hBP08-040,SR,1,0,0,1280,Red,Nakiri Ayame
1618,hBP08,小鳥遊キアラ,Takanashi Kiara,hBP08-041,C,0,0,0,30,Red,Takanashi Kiara
1619,hBP08,小鳥遊キアラ,Takanashi Kiara,hBP08-041,S,1,0,0,220,Red,Takanashi Kiara
1620,hBP08,小鳥遊キアラ,Takanashi Kiara,hBP08-042,U,0,0,0,30,Red,Takanashi Kiara
1621,hBP08,小鳥遊キアラ,Takanashi Kiara,hBP08-042,S,1,0,0,220,Red,Takanashi Kiara
1622,hBP08,小鳥遊キアラ,Takanashi Kiara,hBP08-043,R,1,0,0,50,Red,Takanashi Kiara
1623,hBP08,小鳥遊キアラ,Takanashi Kiara,hBP08-043,SR,1,0,0,420,Red,Takanashi Kiara
1624,hBP08,小鳥遊キアラ,Takanashi Kiara,hBP08-044,RR,1,0,0,120,Red,Takanashi Kiara
1625,hBP08,小鳥遊キアラ,Takanashi Kiara,hBP08-044,SR,1,0,0,320,Red,Takanashi Kiara
1626,hBP08,小鳥遊キアラ,Takanashi Kiara,hBP08-044,UR,1,0,0,1980,Red,Takanashi Kiara
1627,hBP08,ハコス・ベールズ,Hakos Baelz,hBP08-045,R,1,0,0,50,Red,Hakos Baelz
1628,hBP08,ハコス・ベールズ,Hakos Baelz,hBP08-045,SR,1,0,0,320,Red,Hakos Baelz
1629,hBP08,エリザベス・ローズ・ブラッドフレイム,Elizabeth Rose Bloodflame,hBP08-046,R,1,0,0,50,Red,Elizabeth Rose Bloodflame
1630,hBP08,エリザベス・ローズ・ブラッドフレイム,Elizabeth Rose Bloodflame,hBP08-046,SR,1,0,0,420,Red,Elizabeth Rose Bloodflame
1631,hBP08,水宮枢,Mizumiya Su,hBP08-047,C,0,0,0,50,Blue,Mizumiya Su
1632,hBP08,水宮枢,Mizumiya Su,hBP08-048,U,0,0,0,50,Blue,Mizumiya Su
1633,hBP08,水宮枢,Mizumiya Su,hBP08-048,S,1,0,0,420,Blue,Mizumiya Su
1634,hBP08,水宮枢,Mizumiya Su,hBP08-049,C,0,0,0,50,Blue,Mizumiya Su
1635,hBP08,水宮枢,Mizumiya Su,hBP08-049,S,1,0,0,780,Blue,Mizumiya Su
1636,hBP08,水宮枢,Mizumiya Su,hBP08-050,C,0,0,0,50,Blue,Mizumiya Su
1637,hBP08,水宮枢,Mizumiya Su,hBP08-050,S,1,0,0,280,Blue,Mizumiya Su
1638,hBP08,水宮枢,Mizumiya Su,hBP08-051,R,1,0,0,80,Blue,Mizumiya Su
1639,hBP08,水宮枢,Mizumiya Su,hBP08-051,SR,1,0,0,980,Blue,Mizumiya Su
1640,hBP08,水宮枢,Mizumiya Su,hBP08-052,U,0,0,0,50,Blue,Mizumiya Su
1641,hBP08,水宮枢,Mizumiya Su,hBP08-052,S,1,0,0,320,Blue,Mizumiya Su
1642,hBP08,水宮枢,Mizumiya Su,hBP08-053,RR,1,0,0,120,Blue,Mizumiya Su
1643,hBP08,水宮枢,Mizumiya Su,hBP08-053,SR,1,0,0,780,Blue,Mizumiya Su
1644,hBP08,水宮枢,Mizumiya Su,hBP08-053,UR,1,0,0,6980,Blue,Mizumiya Su
1645,hBP08,ムーナ・ホシノヴァ,Moona Hoshinova,hBP08-054,R,1,0,0,320,Blue,Moona Hoshinova
1646,hBP08,ムーナ・ホシノヴァ,Moona Hoshinova,hBP08-054,SR,1,0,0,2980,Blue,Moona Hoshinova
1647,hBP08,フワワ・アビスガード,Fuwawa Abyssgard,hBP08-055,C,0,0,0,50,Blue,Fuwawa Abyssgard
1648,hBP08,フワワ・アビスガード,Fuwawa Abyssgard,hBP08-055,S,1,0,0,420,Blue,Fuwawa Abyssgard
1649,hBP08,フワワ・アビスガード,Fuwawa Abyssgard,hBP08-056,U,0,0,0,50,Blue,Fuwawa Abyssgard
1650,hBP08,フワワ・アビスガード,Fuwawa Abyssgard,hBP08-056,S,1,0,0,420,Blue,Fuwawa Abyssgard
1651,hBP08,フワワ・アビスガード,Fuwawa Abyssgard,hBP08-057,R,1,0,0,80,Blue,Fuwawa Abyssgard
1652,hBP08,フワワ・アビスガード,Fuwawa Abyssgard,hBP08-057,SR,1,0,0,780,Blue,Fuwawa Abyssgard
1653,hBP08,フワワ・アビスガード,Fuwawa Abyssgard,hBP08-058,R,1,0,0,80,Blue,Fuwawa Abyssgard
1654,hBP08,フワワ・アビスガード,Fuwawa Abyssgard,hBP08-058,SR,1,0,0,420,Blue,Fuwawa Abyssgard
1655,hBP08,フワワ・アビスガード,Fuwawa Abyssgard,hBP08-059,RR,1,0,0,120,Blue,Fuwawa Abyssgard
1656,hBP08,フワワ・アビスガード,Fuwawa Abyssgard,hBP08-059,SR,1,0,0,1480,Blue,Fuwawa Abyssgard
1657,hBP08,フワワ・アビスガード,Fuwawa Abyssgard,hBP08-059,UR,1,0,0,6980,Blue,Fuwawa Abyssgard
1658,hBP08,フワモコ,FUWAMOCO,hBP08-060,R,1,0,0,80,"Blue,Red","Fuwawa Abyssgard, Mococo Abyssgard"
1659,hBP08,フワモコ,FUWAMOCO,hBP08-060,SR,1,0,0,780,"Blue,Red","Fuwawa Abyssgard, Mococo Abyssgard"
1660,hBP08,鷹嶺ルイ,Takane Lui,hBP08-061,C,0,0,0,30,Purple,Takane Lui
1661,hBP08,鷹嶺ルイ,Takane Lui,hBP08-062,U,0,0,0,50,Purple,Takane Lui
1662,hBP08,鷹嶺ルイ,Takane Lui,hBP08-062,S,1,0,0,780,Purple,Takane Lui
1663,hBP08,鷹嶺ルイ,Takane Lui,hBP08-063,C,0,0,0,30,Purple,Takane Lui
1664,hBP08,鷹嶺ルイ,Takane Lui,hBP08-063,S,1,0,0,320,Purple,Takane Lui
1665,hBP08,鷹嶺ルイ,Takane Lui,hBP08-064,C,0,0,0,30,Purple,Takane Lui
1666,hBP08,鷹嶺ルイ,Takane Lui,hBP08-064,S,1,0,0,320,Purple,Takane Lui
1667,hBP08,鷹嶺ルイ,Takane Lui,hBP08-065,R,1,0,0,50,Purple,Takane Lui
1668,hBP08,鷹嶺ルイ,Takane Lui,hBP08-065,SR,1,0,0,500,Purple,Takane Lui
1669,hBP08,鷹嶺ルイ,Takane Lui,hBP08-066,U,0,0,0,30,Purple,Takane Lui
1670,hBP08,鷹嶺ルイ,Takane Lui,hBP08-066,S,1,0,0,320,Purple,Takane Lui
1671,hBP08,鷹嶺ルイ,Takane Lui,hBP08-067,RR,1,0,0,180,Purple,Takane Lui
1672,hBP08,鷹嶺ルイ,Takane Lui,hBP08-067,SR,1,0,0,420,Purple,Takane Lui
1673,hBP08,鷹嶺ルイ,Takane Lui,hBP08-067,UR,1,0,0,3480,Purple,Takane Lui
1674,hBP08,一伊那尓栖,Ninomae Ina'nis,hBP08-068,C,0,0,0,50,Purple,Ninomae Ina'nis
1675,hBP08,一伊那尓栖,Ninomae Ina'nis,hBP08-069,U,0,0,0,50,Purple,Ninomae Ina'nis
1676,hBP08,一伊那尓栖,Ninomae Ina'nis,hBP08-069,S,1,0,0,420,Purple,Ninomae Ina'nis
1677,hBP08,一伊那尓栖,Ninomae Ina'nis,hBP08-070,C,0,0,0,50,Purple,Ninomae Ina'nis
1678,hBP08,一伊那尓栖,Ninomae Ina'nis,hBP08-070,S,1,0,0,420,Purple,Ninomae Ina'nis
1679,hBP08,一伊那尓栖,Ninomae Ina'nis,hBP08-071,C,0,0,0,50,Purple,Ninomae Ina'nis
1680,hBP08,一伊那尓栖,Ninomae Ina'nis,hBP08-071,S,1,0,0,420,Purple,Ninomae Ina'nis
1681,hBP08,一伊那尓栖,Ninomae Ina'nis,hBP08-072,R,1,0,0,80,Purple,Ninomae Ina'nis
1682,hBP08,一伊那尓栖,Ninomae Ina'nis,hBP08-072,SR,1,0,0,1480,Purple,Ninomae Ina'nis
1683,hBP08,一伊那尓栖,Ninomae Ina'nis,hBP08-073,U,0,0,0,50,Purple,Ninomae Ina'nis
1684,hBP08,一伊那尓栖,Ninomae Ina'nis,hBP08-073,S,1,0,0,320,Purple,Ninomae Ina'nis
1685,hBP08,一伊那尓栖,Ninomae Ina'nis,hBP08-074,RR,1,0,0,180,Purple,Ninomae Ina'nis
1686,hBP08,一伊那尓栖,Ninomae Ina'nis,hBP08-074,SR,1,0,0,780,Purple,Ninomae Ina'nis
1687,hBP08,一伊那尓栖,Ninomae Ina'nis,hBP08-074,UR,1,0,0,6980,Purple,Ninomae Ina'nis
1688,hBP08,ロボ子さん,Roboco-san,hBP08-075,R,1,0,0,50,Purple,Roboco-san
1689,hBP08,ロボ子さん,Roboco-san,hBP08-075,SR,1,0,0,320,Purple,Roboco-san
1690,hBP08,癒月ちょこ,Yuzuki Choco,hBP08-076,R,1,0,0,50,Purple,Yuzuki Choco
1691,hBP08,癒月ちょこ,Yuzuki Choco,hBP08-076,SR,1,0,0,500,Purple,Yuzuki Choco
1692,hBP08,音乃瀬奏,Otonose Kanade,hBP08-077,C,0,0,0,30,Yellow,Otonose Kanade
1693,hBP08,音乃瀬奏,Otonose Kanade,hBP08-078,U,0,0,0,30,Yellow,Otonose Kanade
1694,hBP08,音乃瀬奏,Otonose Kanade,hBP08-078,S,1,0,0,320,Yellow,Otonose Kanade
1695,hBP08,音乃瀬奏,Otonose Kanade,hBP08-079,C,0,0,0,30,Yellow,Otonose Kanade
1696,hBP08,音乃瀬奏,Otonose Kanade,hBP08-079,S,1,0,0,280,Yellow,Otonose Kanade
1697,hBP08,音乃瀬奏,Otonose Kanade,hBP08-080,C,0,0,0,30,Yellow,Otonose Kanade
1698,hBP08,音乃瀬奏,Otonose Kanade,hBP08-080,S,1,0,0,320,Yellow,Otonose Kanade
1699,hBP08,音乃瀬奏,Otonose Kanade,hBP08-081,R,1,0,0,50,Yellow,Otonose Kanade
1700,hBP08,音乃瀬奏,Otonose Kanade,hBP08-081,SR,1,0,0,580,Yellow,Otonose Kanade
1701,hBP08,音乃瀬奏,Otonose Kanade,hBP08-082,U,0,0,0,30,Yellow,Otonose Kanade
1702,hBP08,音乃瀬奏,Otonose Kanade,hBP08-082,S,1,0,0,220,Yellow,Otonose Kanade
1703,hBP08,音乃瀬奏,Otonose Kanade,hBP08-083,RR,1,0,0,120,Yellow,Otonose Kanade
1704,hBP08,音乃瀬奏,Otonose Kanade,hBP08-083,SR,1,0,0,500,Yellow,Otonose Kanade
1705,hBP08,音乃瀬奏,Otonose Kanade,hBP08-083,UR,1,0,0,3980,Yellow,Otonose Kanade
1706,hBP08,夏色まつり,Natsuiro Matsuri,hBP08-084,R,1,0,0,50,Yellow,Natsuiro Matsuri
1707,hBP08,夏色まつり,Natsuiro Matsuri,hBP08-084,SR,1,0,0,420,Yellow,Natsuiro Matsuri
1708,hBP08,不知火フレア,Shiranui Flare,hBP08-085,C,0,0,0,30,Yellow,Shiranui Flare
1709,hBP08,不知火フレア,Shiranui Flare,hBP08-085,S,1,0,0,280,Yellow,Shiranui Flare
1710,hBP08,不知火フレア,Shiranui Flare,hBP08-086,U,0,0,0,30,Yellow,Shiranui Flare
1711,hBP08,不知火フレア,Shiranui Flare,hBP08-086,S,1,0,0,980,Yellow,Shiranui Flare
1712,hBP08,不知火フレア,Shiranui Flare,hBP08-087,R,1,0,0,50,Yellow,Shiranui Flare
1713,hBP08,不知火フレア,Shiranui Flare,hBP08-087,SR,1,0,0,420,Yellow,Shiranui Flare
1714,hBP08,不知火フレア,Shiranui Flare,hBP08-088,RR,1,0,0,120,Yellow,Shiranui Flare
1715,hBP08,不知火フレア,Shiranui Flare,hBP08-088,SR,1,0,0,420,Yellow,Shiranui Flare
1716,hBP08,不知火フレア,Shiranui Flare,hBP08-088,UR,1,0,0,3480,Yellow,Shiranui Flare
1717,hBP08,ジジ・ムリン,Gigi Murin,hBP08-089,R,1,0,0,50,Yellow,Gigi Murin
1718,hBP08,ジジ・ムリン,Gigi Murin,hBP08-089,SR,1,0,0,420,Yellow,Gigi Murin
1719,hBP08,エレガントパソコン,Elegant PC,hBP08-090,C,0,0,0,50,Support,Cecilia Immergreen
1720,hBP08,エレガントパソコン,Elegant PC,hBP08-090,S,1,0,0,280,Support,Cecilia Immergreen
1721,hBP08,クリエイターパソコン,Creator PC,hBP08-091,U,0,0,0,120,Support,Gigi Murin
1722,hBP08,クリエイターパソコン,Creator PC,hBP08-091,S,1,0,0,980,Support,Gigi Murin
1723,hBP08,思い出のドーナツショップ,Memorable Donut Shop,hBP08-092,U,0,0,0,120,Support,"Fuwawa Abyssgard, Mococo Abyssgard"
1724,hBP08,ちょこのなすユッケ,Choko's Eggplant Yukhoe,hBP08-093,U,0,0,0,30,Support,Yuzuki Choco
1725,hBP08,ちょこのなすユッケ,Choko's Eggplant Yukhoe,hBP08-093,S,1,0,0,180,Support,Yuzuki Choco
1726,hBP08,パパは仕事を辞める,Dad is Quitting Work,hBP08-094,U,0,0,0,180,Support,Tokoyami Towa
1727,hBP08,破滅の呪文,Doom,hBP08-095,C,0,0,0,30,Support,"Raora Panthera, Takanashi Kiara"
1728,hBP08,破滅の呪文,Doom,hBP08-095,S,1,0,0,420,Support,"Raora Panthera, Takanashi Kiara"
1729,hBP08,優しいモンスター,Gentle Monster,hBP08-096,U,0,0,0,30,Support,Ichijou Ririka
1730,hBP08,優しいモンスター,Gentle Monster,hBP08-096,S,1,0,0,220,Support,Ichijou Ririka
1731,hBP08,りっちしょこらのハンバーグ,Rich Chocolate Hamburger Steak,hBP08-097,C,0,0,0,30,Support,"Takane Lui, Yuzuki Choco"
1732,hBP08,りっちしょこらのハンバーグ,Rich Chocolate Hamburger Steak,hBP08-097,S,1,0,0,220,Support,"Takane Lui, Yuzuki Choco"
1733,hBP08,hololive Mythology,hololive Mythology,hBP08-098,U,0,0,0,120,Support,"Takanashi Kiara, Mori Calliope, Ninomae Ina'nis"
1734,hBP08,hololive Mythology,hololive Mythology,hBP08-098,S,1,0,0,320,Support,"Takanashi Kiara, Mori Calliope, Ninomae Ina'nis"
1735,hBP08,HOLOTORI,HOLOTORI,hBP08-099,U,0,0,0,120,Support,"Pavolia Reine,Takanashi Kiara,Oozora Subaru,Takane Lui"
1736,hBP08,HOLOTORI,HOLOTORI,hBP08-099,S,1,0,0,980,Support,"Pavolia Reine,Takanashi Kiara,Oozora Subaru,Takane Lui"
1737,hBP08,Myth,Myth,hBP08-100,U,0,0,0,30,Support,"Takanashi Kiara, Mori Calliope, Ninomae Ina'nis"
1738,hBP08,Myth,Myth,hBP08-100,S,1,0,0,220,Support,"Takanashi Kiara, Mori Calliope, Ninomae Ina'nis"
1739,hBP08,We are ReGLOSS,We are ReGLOSS,hBP08-101,U,0,0,0,220,Support,"Otonose Kanade, Juufuutei Raden, Ichijou Ririka, Todoroki Hajime, Hiodoshi Ao"
1740,hBP08,We are ReGLOSS,We are ReGLOSS,hBP08-101,S,1,0,0,1780,Support,"Otonose Kanade, Juufuutei Raden, Ichijou Ririka, Todoroki Hajime, Hiodoshi Ao"
1741,hBP08,クールなパーカー,Cool hoodie,hBP08-102,C,0,0,0,50,Support,Ayunda Risu
1742,hBP08,クールなパーカー,Cool hoodie,hBP08-102,S,1,0,0,420,Support,Ayunda Risu
1743,hBP08,ホロマント,Holomant,hBP08-103,U,0,0,0,50,Support,Usada Pekora
1744,hBP08,ホロマント,Holomant,hBP08-103,S,1,0,0,220,Support,Usada Pekora
1745,hBP08,けはい,Aura,hBP08-104,C,0,0,0,50,Support,Mizumiya Su
1746,hBP08,けはい,Aura,hBP08-104,S,1,0,0,680,Support,Mizumiya Su
1747,hBP08,Bloom＆Gloom,Bloom＆Gloom,hBP08-105,C,0,0,0,30,Support,IRyS
1748,hBP08,Bloom＆Gloom,Bloom＆Gloom,hBP08-105,S,1,0,0,180,Support,IRyS
1749,hBP08,GuyRyS,GuyRyS,hBP08-106,C,0,0,0,30,Support,IRyS
1750,hBP08,GuyRyS,GuyRyS,hBP08-106,S,1,0,0,180,Support,IRyS
1751,hBP08,Otomo,Otomo,hBP08-107,C,0,0,0,30,Support,Cecilia Immergreen
1752,hBP08,Otomo,Otomo,hBP08-107,S,1,0,0,280,Support,Cecilia Immergreen
1753,hBP08,いたずらなRuffians,Mischievous Ruffians,hBP08-108,C,0,0,0,30,Support,"Fuwawa Abyssgard, Mococo Abyssgard"
1754,hBP08,いたずらなRuffians,Mischievous Ruffians,hBP08-108,S,1,0,0,180,Support,"Fuwawa Abyssgard, Mococo Abyssgard"
1755,hBP08,ルイ友,Lui's Friend,hBP08-109,C,0,0,0,50,Support,Takane Lui
1756,hBP08,ルイ友,Lui's Friend,hBP08-109,S,1,0,0,320,Support,Takane Lui
1757,hBP08,Takodachi,Takodachi,hBP08-110,C,0,0,0,50,Support,Ninomae Ina'nis
1758,hBP08,Takodachi,Takodachi,hBP08-110,S,1,0,0,420,Support,Ninomae Ina'nis
1762,hBP08,白エール,White Cheer,hY01-013,SY,1,0,0,1480,White,Tokino Sora
1763,hBP08,緑エール,Green Cheer,hY02-011,SY,1,0,0,780,Green,Airani Iofifteen
1764,hBP08,赤エール,Red Cheer,hY03-015,SY,1,0,0,2980,Red,Mococo Abyssgard
1765,hBP08,青エール,Blue Cheer,hY04-012,SY,1,0,0,1780,Blue,Fuwawa Abyssgard
1766,hBP08,紫エール,Purple Cheer,hY05-010,SY,1,0,0,1480,Purple,Mori Calliope
1767,hBP08,黄エール,Yellow Cheer,hY06-010,SY,1,0,0,1280,Yellow,Koganei Niko
1759,hBP08,水宮枢,Mizumiya Su,hSD11-007,C,0,0,1,80,Blue,Mizumiya Su
1760,hBP08,水宮枢,Mizumiya Su,hSD11-007,HR,1,0,1,6980,Blue,Mizumiya Su
1761,hBP08,holoAN,holoAN,hSD14-010,C,0,0,1,120,Support,Izuki Michiru
1768,hBP08,IRyS,IRyS,hBP01-028,C,0,0,1,50,White,IRyS
1769,hBP08,IRyS,IRyS,hBP01-028,HR,1,0,1,3980,White,IRyS
1770,hBP08,鷹嶺ルイ,Takane Lui,hBP01-056,C,0,0,1,50,Red,Takane Lui
1771,hBP08,鷹嶺ルイ,Takane Lui,hBP01-056,HR,1,0,1,4980,Red,Takane Lui
1772,hBP08,小鳥遊キアラ,Takanashi Kiara,hBP01-062,C,0,0,1,50,Red,Takanashi Kiara
1773,hBP08,パヴォリア・レイネ,Pavolia Reine,hBP02-018,C,0,0,1,50,Green,Pavolia Reine
1774,hBP08,パヴォリア・レイネ,Pavolia Reine,hBP02-018,HR,1,0,1,2980,Green,Pavolia Reine
1775,hBP08,一伊那尓栖,Ninomae Ina'nis,hBP02-061,C,0,0,1,50,Purple,Ninomae Ina'nis
1776,hBP08,一伊那尓栖,Ninomae Ina'nis,hBP02-061,HR,1,0,1,3980,Purple,Ninomae Ina'nis
1777,hBP08,モココ・アビスガード,Mococo Abyssgard,hBP03-037,C,0,0,1,80,Red,Mococo Abyssgard
1778,hBP08,フワワ・アビスガード,Fuwawa Abyssgard,hBP03-040,C,0,0,1,80,Blue,Fuwawa Abyssgard
1779,hBP08,音乃瀬奏,Otonose Kanade,hBP03-080,C,0,0,1,50,Yellow,Otonose Kanade
1780,hBP08,音乃瀬奏,Otonose Kanade,hBP03-080,HR,1,0,1,3980,Yellow,Otonose Kanade
1781,hBP08,セシリア・イマーグリーン,Cecilia Immergreen,hBP04-028,C,0,0,1,50,Green,Cecilia Immergreen
1790,hBP09,大空スバル,Oozora Subaru,hBP09-001,OSR,1,0,0,1280,White,Oozora Subaru
1791,hBP09,大空スバル,Oozora Subaru,hBP09-001,OUR,1,0,0,19800,White,Oozora Subaru
1792,hBP09,轟はじめ,Todoroki Hajime,hBP09-002,OSR,1,0,0,500,White,Todoroki Hajime
1793,hBP09,轟はじめ,Todoroki Hajime,hBP09-002,OUR,1,0,0,9980,White,Todoroki Hajime
1794,hBP09,轟はじめ,Todoroki Hajime,hBP09-002,SEC,1,1,0,49800,White,Todoroki Hajime
1795,hBP09,白銀ノエル,Shirogane Noel,hBP09-003,OSR,1,0,0,580,Green,Shirogane Noel
1796,hBP09,白銀ノエル,Shirogane Noel,hBP09-003,OUR,1,0,0,17800,Green,Shirogane Noel
1797,hBP09,白銀ノエル,Shirogane Noel,hBP09-003,SEC,1,1,0,99800,Green,Shirogane Noel
1798,hBP09,カエラ・コヴァルスキア,Kaela Kovalskia,hBP09-004,OSR,1,0,0,680,Red,Kaela Kovalskia
1799,hBP09,カエラ・コヴァルスキア,Kaela Kovalskia,hBP09-004,OUR,1,0,0,6980,Red,Kaela Kovalskia
1800,hBP09,カエラ・コヴァルスキア,Kaela Kovalskia,hBP09-004,SEC,1,1,0,34800,Red,Kaela Kovalskia
1801,hBP09,常闇トワ,Tokoyami Towa,hBP09-005,OSR,1,0,0,1280,Blue,Tokoyami Towa
1802,hBP09,常闇トワ,Tokoyami Towa,hBP09-005,OUR,1,0,0,34800,Blue,Tokoyami Towa
1803,hBP09,綺々羅々ヴィヴィ,Kikirara Vivi,hBP09-006,OSR,1,0,0,780,Purple,Kikirara Vivi
1804,hBP09,綺々羅々ヴィヴィ,Kikirara Vivi,hBP09-006,OUR,1,0,0,14800,Purple,Kikirara Vivi
1805,hBP09,綺々羅々ヴィヴィ,Kikirara Vivi,hBP09-006,SEC,1,1,0,79800,Purple,Kikirara Vivi
1806,hBP09,雪花ラミィ,Yukihana Lamy,hBP09-007,OSR,1,0,0,780,Yellow,Yukihana Lamy
1807,hBP09,雪花ラミィ,Yukihana Lamy,hBP09-007,OUR,1,0,0,24800,Yellow,Yukihana Lamy
1808,hBP09,大空スバル,Oozora Subaru,hBP09-008,C,0,0,0,30,White,Oozora Subaru
1809,hBP09,大空スバル,Oozora Subaru,hBP09-008,S,1,0,0,580,White,Oozora Subaru
1810,hBP09,大空スバル,Oozora Subaru,hBP09-009,U,0,0,0,50,White,Oozora Subaru
1811,hBP09,大空スバル,Oozora Subaru,hBP09-010,C,0,0,0,30,White,Oozora Subaru
1812,hBP09,大空スバル,Oozora Subaru,hBP09-010,S,1,0,0,320,White,Oozora Subaru
1813,hBP09,大空スバル,Oozora Subaru,hBP09-011,C,0,0,0,30,White,Oozora Subaru
1814,hBP09,大空スバル,Oozora Subaru,hBP09-011,S,1,0,0,420,White,Oozora Subaru
1815,hBP09,大空スバル,Oozora Subaru,hBP09-012,R,1,0,0,50,White,Oozora Subaru
1816,hBP09,大空スバル,Oozora Subaru,hBP09-012,SR,1,0,0,980,White,Oozora Subaru
1817,hBP09,大空スバル,Oozora Subaru,hBP09-013,U,0,0,0,50,White,Oozora Subaru
1818,hBP09,大空スバル,Oozora Subaru,hBP09-013,S,1,0,0,420,White,Oozora Subaru
1819,hBP09,大空スバル,Oozora Subaru,hBP09-014,RR,1,0,0,280,White,Oozora Subaru
1820,hBP09,大空スバル,Oozora Subaru,hBP09-014,SR,1,0,0,1480,White,Oozora Subaru
1821,hBP09,大空スバル,Oozora Subaru,hBP09-014,UR,1,0,0,7980,White,Oozora Subaru
1822,hBP09,轟はじめ,Todoroki Hajime,hBP09-015,C,0,0,0,30,White,Todoroki Hajime
1823,hBP09,轟はじめ,Todoroki Hajime,hBP09-015,S,1,0,0,420,White,Todoroki Hajime
1824,hBP09,轟はじめ,Todoroki Hajime,hBP09-016,U,0,0,0,50,White,Todoroki Hajime
1825,hBP09,轟はじめ,Todoroki Hajime,hBP09-017,C,0,0,0,30,White,Todoroki Hajime
1826,hBP09,轟はじめ,Todoroki Hajime,hBP09-017,S,1,0,0,420,White,Todoroki Hajime
1827,hBP09,轟はじめ,Todoroki Hajime,hBP09-018,C,0,0,0,30,White,Todoroki Hajime
1828,hBP09,轟はじめ,Todoroki Hajime,hBP09-018,S,1,0,0,420,White,Todoroki Hajime
1829,hBP09,轟はじめ,Todoroki Hajime,hBP09-019,R,1,0,0,50,White,Todoroki Hajime
1830,hBP09,轟はじめ,Todoroki Hajime,hBP09-019,SR,1,0,0,680,White,Todoroki Hajime
1831,hBP09,轟はじめ,Todoroki Hajime,hBP09-020,U,0,0,0,50,White,Todoroki Hajime
1832,hBP09,轟はじめ,Todoroki Hajime,hBP09-020,S,1,0,0,420,White,Todoroki Hajime
1833,hBP09,轟はじめ,Todoroki Hajime,hBP09-021,RR,1,0,0,180,White,Todoroki Hajime
1834,hBP09,轟はじめ,Todoroki Hajime,hBP09-021,SR,1,0,0,780,White,Todoroki Hajime
1835,hBP09,轟はじめ,Todoroki Hajime,hBP09-021,UR,1,0,0,5980,White,Todoroki Hajime
1836,hBP09,角巻わため,Tsunomaki Watame,hBP09-022,R,1,0,0,50,White,Tsunomaki Watame
1837,hBP09,角巻わため,Tsunomaki Watame,hBP09-022,SR,1,0,0,580,White,Tsunomaki Watame
1838,hBP09,ベスティア・ゼータ,Vestia Zeta,hBP09-023,R,1,0,0,50,White,Vestia Zeta
1839,hBP09,ベスティア・ゼータ,Vestia Zeta,hBP09-023,SR,1,0,0,580,White,Vestia Zeta
1840,hBP09,響咲リオナ,Isaki Riona,hBP09-024,R,1,0,0,50,White,Isaki Riona
1841,hBP09,響咲リオナ,Isaki Riona,hBP09-024,SR,1,0,0,500,White,Isaki Riona
1842,hBP09,白銀ノエル,Shirogane Noel,hBP09-025,C,0,0,0,30,Green,Shirogane Noel
1843,hBP09,白銀ノエル,Shirogane Noel,hBP09-025,S,1,0,0,580,Green,Shirogane Noel
1844,hBP09,白銀ノエル,Shirogane Noel,hBP09-026,U,0,0,0,50,Green,Shirogane Noel
1845,hBP09,白銀ノエル,Shirogane Noel,hBP09-027,C,0,0,0,30,Green,Shirogane Noel
1846,hBP09,白銀ノエル,Shirogane Noel,hBP09-027,S,1,0,0,420,Green,Shirogane Noel
1847,hBP09,白銀ノエル,Shirogane Noel,hBP09-028,C,0,0,0,30,Green,Shirogane Noel
1848,hBP09,白銀ノエル,Shirogane Noel,hBP09-028,S,1,0,0,680,Green,Shirogane Noel
1849,hBP09,白銀ノエル,Shirogane Noel,hBP09-029,R,1,0,0,50,Green,Shirogane Noel
1850,hBP09,白銀ノエル,Shirogane Noel,hBP09-029,SR,1,0,0,500,Green,Shirogane Noel
1851,hBP09,白銀ノエル,Shirogane Noel,hBP09-030,U,0,0,0,50,Green,Shirogane Noel
1852,hBP09,白銀ノエル,Shirogane Noel,hBP09-030,S,1,0,0,280,Green,Shirogane Noel
1853,hBP09,白銀ノエル,Shirogane Noel,hBP09-031,RR,1,0,0,120,Green,Shirogane Noel
1854,hBP09,白銀ノエル,Shirogane Noel,hBP09-031,SR,1,0,0,680,Green,Shirogane Noel
1855,hBP09,白銀ノエル,Shirogane Noel,hBP09-031,UR,1,0,0,4980,Green,Shirogane Noel
1856,hBP09,大神ミオ,Ookami Mio,hBP09-032,C,0,0,0,30,Green,Ookami Mio
1857,hBP09,大神ミオ,Ookami Mio,hBP09-032,S,1,0,0,580,Green,Ookami Mio
1858,hBP09,大神ミオ,Ookami Mio,hBP09-033,U,0,0,0,50,Green,Ookami Mio
1859,hBP09,大神ミオ,Ookami Mio,hBP09-033,S,1,0,0,780,Green,Ookami Mio
1860,hBP09,大神ミオ,Ookami Mio,hBP09-034,R,1,0,0,50,Green,Ookami Mio
1861,hBP09,大神ミオ,Ookami Mio,hBP09-034,SR,1,0,0,500,Green,Ookami Mio
1862,hBP09,大神ミオ,Ookami Mio,hBP09-035,RR,1,0,0,120,Green,Ookami Mio
1863,hBP09,大神ミオ,Ookami Mio,hBP09-035,SR,1,0,0,780,Green,Ookami Mio
1864,hBP09,大神ミオ,Ookami Mio,hBP09-035,UR,1,0,0,6980,Green,Ookami Mio
1865,hBP09,風真いろは,Kazama Iroha,hBP09-036,R,1,0,0,50,Green,Kazama Iroha
1866,hBP09,風真いろは,Kazama Iroha,hBP09-036,SR,1,0,0,580,Green,Kazama Iroha
1867,hBP09,輪堂千速,Rindo Chihaya,hBP09-037,R,1,0,0,50,Green,Rindo Chihaya
1868,hBP09,輪堂千速,Rindo Chihaya,hBP09-037,SR,1,0,0,780,Green,Rindo Chihaya
1869,hBP09,カエラ・コヴァルスキア,Kaela Kovalskia,hBP09-038,C,0,0,0,30,Red,Kaela Kovalskia
1870,hBP09,カエラ・コヴァルスキア,Kaela Kovalskia,hBP09-038,S,1,0,0,420,Red,Kaela Kovalskia
1871,hBP09,カエラ・コヴァルスキア,Kaela Kovalskia,hBP09-039,U,0,0,0,50,Red,Kaela Kovalskia
1872,hBP09,カエラ・コヴァルスキア,Kaela Kovalskia,hBP09-040,C,0,0,0,30,Red,Kaela Kovalskia
1873,hBP09,カエラ・コヴァルスキア,Kaela Kovalskia,hBP09-040,S,1,0,0,420,Red,Kaela Kovalskia
1874,hBP09,カエラ・コヴァルスキア,Kaela Kovalskia,hBP09-041,C,0,0,0,30,Red,Kaela Kovalskia
1875,hBP09,カエラ・コヴァルスキア,Kaela Kovalskia,hBP09-041,S,1,0,0,420,Red,Kaela Kovalskia
1876,hBP09,カエラ・コヴァルスキア,Kaela Kovalskia,hBP09-042,R,1,0,0,50,Red,Kaela Kovalskia
1877,hBP09,カエラ・コヴァルスキア,Kaela Kovalskia,hBP09-042,SR,1,0,0,680,Red,Kaela Kovalskia
1878,hBP09,カエラ・コヴァルスキア,Kaela Kovalskia,hBP09-043,U,0,0,0,50,Red,Kaela Kovalskia
1879,hBP09,カエラ・コヴァルスキア,Kaela Kovalskia,hBP09-043,S,1,0,0,320,Red,Kaela Kovalskia
1880,hBP09,カエラ・コヴァルスキア,Kaela Kovalskia,hBP09-044,RR,1,0,0,220,Red,Kaela Kovalskia
1881,hBP09,カエラ・コヴァルスキア,Kaela Kovalskia,hBP09-044,SR,1,0,0,680,Red,Kaela Kovalskia
1882,hBP09,カエラ・コヴァルスキア,Kaela Kovalskia,hBP09-044,UR,1,0,0,3980,Red,Kaela Kovalskia
1883,hBP09,赤井はあと,Akai Haato,hBP09-045,R,1,0,0,50,Red,Akai Haato
1884,hBP09,赤井はあと,Akai Haato,hBP09-045,SR,1,0,0,420,Red,Akai Haato
1885,hBP09,百鬼あやめ,Nakiri Ayame,hBP09-046,U,0,0,0,50,Red,Nakiri Ayame
1886,hBP09,百鬼あやめ,Nakiri Ayame,hBP09-046,S,1,0,0,500,Red,Nakiri Ayame
1887,hBP09,ハコス・ベールズ,Hakos Baelz,hBP09-047,C,0,0,0,30,Red,Hakos Baelz
1888,hBP09,ハコス・ベールズ,Hakos Baelz,hBP09-047,S,1,0,0,420,Red,Hakos Baelz
1889,hBP09,ハコス・ベールズ,Hakos Baelz,hBP09-048,U,0,0,0,50,Red,Hakos Baelz
1890,hBP09,ハコス・ベールズ,Hakos Baelz,hBP09-048,S,1,0,0,680,Red,Hakos Baelz
1891,hBP09,ハコス・ベールズ,Hakos Baelz,hBP09-049,R,1,0,0,50,Red,Hakos Baelz
1892,hBP09,ハコス・ベールズ,Hakos Baelz,hBP09-049,SR,1,0,0,420,Red,Hakos Baelz
1893,hBP09,ハコス・ベールズ,Hakos Baelz,hBP09-050,RR,1,0,0,120,Red,Hakos Baelz
1894,hBP09,ハコス・ベールズ,Hakos Baelz,hBP09-050,SR,1,0,0,580,Red,Hakos Baelz
1895,hBP09,ハコス・ベールズ,Hakos Baelz,hBP09-050,UR,1,0,0,3980,Red,Hakos Baelz
1896,hBP09,Tokoyami Towa,Tokoyami Towa,hBP09-051,C,0,0,0,30,Blue,Tokoyami Towa
1897,hBP09,Tokoyami Towa,Tokoyami Towa,hBP09-051,S,1,0,0,1280,Blue,Tokoyami Towa
1898,hBP09,Tokoyami Towa,Tokoyami Towa,hBP09-052,U,0,0,0,50,Blue,Tokoyami Towa
1899,hBP09,Tokoyami Towa,Tokoyami Towa,hBP09-053,C,0,0,0,30,Blue,Tokoyami Towa
1900,hBP09,Tokoyami Towa,Tokoyami Towa,hBP09-053,S,1,0,0,500,Blue,Tokoyami Towa
1901,hBP09,Tokoyami Towa,Tokoyami Towa,hBP09-054,C,0,0,0,30,Blue,Tokoyami Towa
1902,hBP09,Tokoyami Towa,Tokoyami Towa,hBP09-054,S,1,0,0,1480,Blue,Tokoyami Towa
1903,hBP09,Tokoyami Towa,Tokoyami Towa,hBP09-055,R,1,0,0,120,Blue,Tokoyami Towa
1904,hBP09,Tokoyami Towa,Tokoyami Towa,hBP09-055,SR,1,0,0,1780,Blue,Tokoyami Towa
1905,hBP09,Tokoyami Towa,Tokoyami Towa,hBP09-056,U,0,0,0,50,Blue,Tokoyami Towa
1906,hBP09,Tokoyami Towa,Tokoyami Towa,hBP09-056,S,1,0,0,680,Blue,Tokoyami Towa
1907,hBP09,Tokoyami Towa,Tokoyami Towa,hBP09-057,RR,1,0,0,320,Blue,Tokoyami Towa
1908,hBP09,Tokoyami Towa,Tokoyami Towa,hBP09-057,SR,1,0,0,1780,Blue,Tokoyami Towa
1909,hBP09,Tokoyami Towa,Tokoyami Towa,hBP09-057,UR,1,0,0,7980,Blue,Tokoyami Towa
1910,hBP09,Tokoyami Towa,Tokoyami Towa,hBP09-058,R,1,0,0,50,Blue,Tokoyami Towa
1911,hBP09,Tokoyami Towa,Tokoyami Towa,hBP09-058,SR,1,0,0,680,Blue,Tokoyami Towa
1912,hBP09,Tokoyami Towa,Tokoyami Towa,hBP09-059,C,0,0,0,50,Blue,Tokoyami Towa
1913,hBP09,Tokoyami Towa,Tokoyami Towa,hBP09-059,S,1,0,0,1280,Blue,Tokoyami Towa
1914,hBP09,Tokoyami Towa,Tokoyami Towa,hBP09-060,U,0,0,0,50,Blue,Tokoyami Towa
1915,hBP09,Tokoyami Towa,Tokoyami Towa,hBP09-060,S,1,0,0,1480,Blue,Tokoyami Towa
1916,hBP09,Tokoyami Towa,Tokoyami Towa,hBP09-061,R,1,0,0,50,Blue,Tokoyami Towa
1917,hBP09,Tokoyami Towa,Tokoyami Towa,hBP09-061,SR,1,0,0,1280,Blue,Tokoyami Towa
1918,hBP09,Tokoyami Towa,Tokoyami Towa,hBP09-062,RR,1,0,0,280,Blue,Tokoyami Towa
1919,hBP09,Tokoyami Towa,Tokoyami Towa,hBP09-062,SR,1,0,0,780,Blue,Tokoyami Towa
1920,hBP09,Tokoyami Towa,Tokoyami Towa,hBP09-062,UR,1,0,0,5980,Blue,Tokoyami Towa
1921,hBP09,オーロ・クロニー,Ouro Kronii,hBP09-063,R,1,0,0,50,Purple,Ouro Kronii
1922,hBP09,オーロ・クロニー,Ouro Kronii,hBP09-063,SR,1,0,0,500,Purple,Ouro Kronii
1923,hBP09,綺々羅々ヴィヴィ,Kikirara Vivi,hBP09-064,C,0,0,0,30,Purple,Kikirara Vivi
1924,hBP09,綺々羅々ヴィヴィ,Kikirara Vivi,hBP09-064,S,1,0,0,580,Purple,Kikirara Vivi
1925,hBP09,綺々羅々ヴィヴィ,Kikirara Vivi,hBP09-065,U,0,0,0,50,Purple,Kikirara Vivi
1926,hBP09,綺々羅々ヴィヴィ,Kikirara Vivi,hBP09-066,C,0,0,0,30,Purple,Kikirara Vivi
1927,hBP09,綺々羅々ヴィヴィ,Kikirara Vivi,hBP09-066,S,1,0,0,580,Purple,Kikirara Vivi
1928,hBP09,綺々羅々ヴィヴィ,Kikirara Vivi,hBP09-067,C,0,0,0,30,Purple,Kikirara Vivi
1929,hBP09,綺々羅々ヴィヴィ,Kikirara Vivi,hBP09-067,S,1,0,0,580,Purple,Kikirara Vivi
1930,hBP09,綺々羅々ヴィヴィ,Kikirara Vivi,hBP09-068,R,1,0,0,50,Purple,Kikirara Vivi
1931,hBP09,綺々羅々ヴィヴィ,Kikirara Vivi,hBP09-068,SR,1,0,0,980,Purple,Kikirara Vivi
1932,hBP09,綺々羅々ヴィヴィ,Kikirara Vivi,hBP09-069,U,0,0,0,50,Purple,Kikirara Vivi
1933,hBP09,綺々羅々ヴィヴィ,Kikirara Vivi,hBP09-069,S,1,0,0,500,Purple,Kikirara Vivi
1934,hBP09,綺々羅々ヴィヴィ,Kikirara Vivi,hBP09-070,RR,1,0,0,220,Purple,Kikirara Vivi
1935,hBP09,綺々羅々ヴィヴィ,Kikirara Vivi,hBP09-070,SR,1,0,0,1280,Purple,Kikirara Vivi
1936,hBP09,綺々羅々ヴィヴィ,Kikirara Vivi,hBP09-070,UR,1,0,0,6980,Purple,Kikirara Vivi
1937,hBP09,AZKi,AZKi,hBP09-071,R,1,0,0,50,Purple,AZKi
1938,hBP09,AZKi,AZKi,hBP09-071,SR,1,0,0,680,Purple,AZKi
1939,hBP09,クレイジー・オリー,Kureiji Ollie,hBP09-072,R,1,0,0,50,Purple,Kureiji Ollie
1940,hBP09,クレイジー・オリー,Kureiji Ollie,hBP09-072,SR,1,0,0,320,Purple,Kureiji Ollie
1941,hBP09,ネリッサ・レイヴンクロフト,Nerissa Ravencroft,hBP09-073,C,0,0,0,30,Purple,Nerissa Ravencroft
1942,hBP09,ネリッサ・レイヴンクロフト,Nerissa Ravencroft,hBP09-073,S,1,0,0,420,Purple,Nerissa Ravencroft
1943,hBP09,ネリッサ・レイヴンクロフト,Nerissa Ravencroft,hBP09-074,U,0,0,0,50,Purple,Nerissa Ravencroft
1944,hBP09,ネリッサ・レイヴンクロフト,Nerissa Ravencroft,hBP09-074,S,1,0,0,320,Purple,Nerissa Ravencroft
1945,hBP09,ネリッサ・レイヴンクロフト,Nerissa Ravencroft,hBP09-075,R,1,0,0,50,Purple,Nerissa Ravencroft
1946,hBP09,ネリッサ・レイヴンクロフト,Nerissa Ravencroft,hBP09-075,SR,1,0,0,680,Purple,Nerissa Ravencroft
1947,hBP09,ネリッサ・レイヴンクロフト,Nerissa Ravencroft,hBP09-076,RR,1,0,0,120,Purple,Nerissa Ravencroft
1948,hBP09,ネリッサ・レイヴンクロフト,Nerissa Ravencroft,hBP09-076,SR,1,0,0,580,Purple,Nerissa Ravencroft
1949,hBP09,ネリッサ・レイヴンクロフト,Nerissa Ravencroft,hBP09-076,UR,1,0,0,4980,Purple,Nerissa Ravencroft
1950,hBP09,雪花ラミィ,Yukihana Lamy,hBP09-077,C,0,0,0,30,Yellow,Yukihana Lamy
1951,hBP09,雪花ラミィ,Yukihana Lamy,hBP09-077,S,1,0,0,680,Yellow,Yukihana Lamy
1952,hBP09,雪花ラミィ,Yukihana Lamy,hBP09-078,U,0,0,0,50,Yellow,Yukihana Lamy
1953,hBP09,雪花ラミィ,Yukihana Lamy,hBP09-079,C,0,0,0,30,Yellow,Yukihana Lamy
1954,hBP09,雪花ラミィ,Yukihana Lamy,hBP09-079,S,1,0,0,680,Yellow,Yukihana Lamy
1955,hBP09,雪花ラミィ,Yukihana Lamy,hBP09-080,C,0,0,0,30,Yellow,Yukihana Lamy
1956,hBP09,雪花ラミィ,Yukihana Lamy,hBP09-080,S,1,0,0,580,Yellow,Yukihana Lamy
1957,hBP09,雪花ラミィ,Yukihana Lamy,hBP09-081,R,1,0,0,50,Yellow,Yukihana Lamy
1958,hBP09,雪花ラミィ,Yukihana Lamy,hBP09-081,SR,1,0,0,680,Yellow,Yukihana Lamy
1959,hBP09,雪花ラミィ,Yukihana Lamy,hBP09-082,U,0,0,0,50,Yellow,Yukihana Lamy
1960,hBP09,雪花ラミィ,Yukihana Lamy,hBP09-082,S,1,0,0,500,Yellow,Yukihana Lamy
1961,hBP09,雪花ラミィ,Yukihana Lamy,hBP09-083,RR,1,0,0,180,Yellow,Yukihana Lamy
1962,hBP09,雪花ラミィ,Yukihana Lamy,hBP09-083,SR,1,0,0,980,Yellow,Yukihana Lamy
1963,hBP09,雪花ラミィ,Yukihana Lamy,hBP09-083,UR,1,0,0,7980,Yellow,Yukihana Lamy
1964,hBP09,夏色まつり,Natsuiro Matsuri,hBP09-084,C,0,0,0,30,Yellow,Natsuiro Matsuri
1965,hBP09,夏色まつり,Natsuiro Matsuri,hBP09-084,S,1,0,0,420,Yellow,Natsuiro Matsuri
1966,hBP09,夏色まつり,Natsuiro Matsuri,hBP09-085,U,0,0,0,50,Yellow,Natsuiro Matsuri
1967,hBP09,夏色まつり,Natsuiro Matsuri,hBP09-085,S,1,0,0,420,Yellow,Natsuiro Matsuri
1968,hBP09,夏色まつり,Natsuiro Matsuri,hBP09-086,R,1,0,0,50,Yellow,Natsuiro Matsuri
1969,hBP09,夏色まつり,Natsuiro Matsuri,hBP09-086,SR,1,0,0,780,Yellow,Natsuiro Matsuri
1970,hBP09,夏色まつり,Natsuiro Matsuri,hBP09-087,RR,1,0,0,180,Yellow,Natsuiro Matsuri
1971,hBP09,夏色まつり,Natsuiro Matsuri,hBP09-087,SR,1,0,0,580,Yellow,Natsuiro Matsuri
1972,hBP09,夏色まつり,Natsuiro Matsuri,hBP09-087,UR,1,0,0,5980,Yellow,Natsuiro Matsuri
1973,hBP09,桃鈴ねね,Momosuzu Nene,hBP09-088,R,1,0,0,50,Yellow,Momosuzu Nene
1974,hBP09,桃鈴ねね,Momosuzu Nene,hBP09-088,SR,1,0,0,500,Yellow,Momosuzu Nene
1975,hBP09,アユンダ・リス,Ayunda Risu,hBP09-089,R,1,0,0,50,Yellow,Ayunda Risu
1976,hBP09,アユンダ・リス,Ayunda Risu,hBP09-089,SR,1,0,0,320,Yellow,Ayunda Risu
1977,hBP09,コラボパソコン,Collaboration PC,hBP09-090,C,0,0,0,80,Support,Airani Iofifteen
1978,hBP09,コラボパソコン,Collaboration PC,hBP09-090,S,1,0,0,680,Support,Airani Iofifteen
1979,hBP09,あずいろ BESTIE DAYS,AzuIro BESTIE DAYS,hBP09-091,U,0,0,0,50,Support,"Kazama Iroha, AZKi"
1980,hBP09,あずいろ BESTIE DAYS,AzuIro BESTIE DAYS,hBP09-091,S,1,0,0,680,Support,"Kazama Iroha, AZKi"
1981,hBP09,雨の日ヴィヴィ,Rainy Day Vivi,hBP09-092,C,0,0,0,30,Support,Kikirara Vivi
1982,hBP09,雨の日ヴィヴィ,Rainy Day Vivi,hBP09-092,S,1,0,0,780,Support,Kikirara Vivi
1983,hBP09,応援するホロリス,Holoris Cheering You On,hBP09-093,C,0,0,0,80,Support,
1984,hBP09,応援するホロリス,Holoris Cheering You On,hBP09-093,S,1,0,0,680,Support,
1985,hBP09,大空警察,Oozora Police,hBP09-094,U,0,0,0,50,Support,"Oozora Subaru, Hakos Baelz"
1986,hBP09,君に乾杯,Cheers to You,hBP09-095,C,0,0,0,30,Support,Yukihana Lamy
1987,hBP09,君に乾杯,Cheers to You,hBP09-095,S,1,0,0,980,Support,Yukihana Lamy
1988,hBP09,コンコ コンコンコ コンコンコン,Konko konkonkon konkon,hBP09-096,U,0,0,0,50,Support,Todoroki Hajime
1989,hBP09,コンコ コンコンコ コンコンコン,Konko konkonkon konkon,hBP09-096,S,1,0,0,420,Support,Todoroki Hajime
1990,hBP09,コンビプレイ,Combo Play,hBP09-097,U,0,0,0,80,Support,"Shirogane Noel, Shiranui Flare"
1991,hBP09,コンビプレイ,Combo Play,hBP09-097,S,1,0,0,980,Support,"Shirogane Noel, Shiranui Flare"
1992,hBP09,スイカバブル,Watermelon Bubble,hBP09-098,C,0,0,0,580,Support,Oozora Subaru
1993,hBP09,スイカバブル,Watermelon Bubble,hBP09-098,S,1,0,0,3980,Support,Oozora Subaru
1994,hBP09,スピード違反,Speed Violation,hBP09-099,C,0,0,0,50,Support,Usada Pekora
1995,hBP09,スピード違反,Speed Violation,hBP09-099,S,1,0,0,980,Support,Usada Pekora
1996,hBP09,ノエルの特盛牛丼,Noel's Extra-Large Gyudon,hBP09-100,U,0,0,0,50,Support,Shirogane Noel
1997,hBP09,ノエルの特盛牛丼,Noel's Extra-Large Gyudon,hBP09-100,S,1,0,0,980,Support,Shirogane Noel
1998,hBP09,バカ！変態！うるさーい！もう知らなーい！,You idiot! You pervert! So noisy! I'm done with you!,hBP09-101,U,0,0,0,80,Support,Tokoyami Towa
1999,hBP09,バカ！変態！うるさーい！もう知らなーい！,You idiot! You pervert! So noisy! I'm done with you!,hBP09-101,S,1,0,0,1280,Support,Tokoyami Towa
2000,hBP09,ばんちょーダンス,Bancho Dance,hBP09-102,C,0,0,0,50,Support,Todoroki Hajime
2001,hBP09,ばんちょーダンス,Bancho Dance,hBP09-102,S,1,0,0,500,Support,Todoroki Hajime
2002,hBP09,変な動き,Strange movement,hBP09-103,C,0,0,0,30,Support,Shirogane Noel
2003,hBP09,変な動き,Strange movement,hBP09-103,S,1,0,0,580,Support,Shirogane Noel
2004,hBP09,ホロライブ体力王決定戦,hololive Stamina King Championship,hBP09-104,C,0,0,0,50,Support,Yukihana Lamy
2005,hBP09,ホロライブ体力王決定戦,hololive Stamina King Championship,hBP09-104,S,1,0,0,320,Support,Yukihana Lamy
2006,hBP09,BIG3,BIG3,hBP09-105,U,0,0,0,120,Support,"Yukihana Lamy, Oozora Subaru, Shirogane Noel"
2007,hBP09,BIG3,BIG3,hBP09-105,SR,1,0,0,2480,Support,"Yukihana Lamy, Oozora Subaru, Shirogane Noel"
2008,hBP09,カエラが作ったホロシールド,The HoloShield created by Kaela,hBP09-106,C,0,0,0,30,Support,Kaela Kovalskia
2009,hBP09,カエラが作ったホロシールド,The HoloShield created by Kaela,hBP09-106,S,1,0,0,420,Support,Kaela Kovalskia
2010,hBP09,カエラが作ったホロソード,The HoloSword created by Kaela,hBP09-107,U,0,0,0,50,Support,Kaela Kovalskia
2011,hBP09,カエラが作ったホロソード,The HoloSword created by Kaela,hBP09-107,S,1,0,0,580,Support,Kaela Kovalskia
2012,hBP09,常闇トワのブレイクマイク,Tokoyami Towa's Break Microphone,hBP09-108,C,0,0,0,30,Support,Tokoyami Towa
2013,hBP09,常闇トワのブレイクマイク,Tokoyami Towa's Break Microphone,hBP09-108,S,1,0,0,680,Support,Tokoyami Towa
2014,hBP09,メイクアップ,Makeup,hBP09-109,U,0,0,0,50,Support,Kikirara Vivi
2015,hBP09,メイクアップ,Makeup,hBP09-109,S,1,0,0,420,Support,Kikirara Vivi
2016,hBP09,雪夜月,Snowy Night Moon,hBP09-110,U,0,0,0,50,Support,Yukihana Lamy
2017,hBP09,Pemaloe,Pemaloe,hBP09-111,C,0,0,0,30,Support,Kaela Kovalskia
2018,hBP09,Pemaloe,Pemaloe,hBP09-111,S,1,0,0,180,Support,Kaela Kovalskia
2019,hBP09,轟はじめ,Todoroki Hajime,hSD05-002,C,0,0,1,30,White,Todoroki Hajime
2020,hBP09,轟はじめ,Todoroki Hajime,hSD05-002,HR,1,0,1,3980,White,Todoroki Hajime
2021,hBP09,綺々羅々ヴィヴィ,Kikirara Vivi,hSD10-007,C,0,0,1,30,Purple,Kikirara Vivi
2022,hBP09,ハコス・ベールズ,Hakos Baelz,hBP01-072,C,0,0,1,30,Red,Hakos Baelz
2023,hBP09,ハコス・ベールズ,Hakos Baelz,hBP01-072,HR,1,0,1,3980,Red,Hakos Baelz
2024,hBP09,ムーナ・ホシノヴァ,Moona Hoshinova,hBP01-088,C,0,0,1,30,Blue,Moona Hoshinova
2025,hBP09,ムーナ・ホシノヴァ,Moona Hoshinova,hBP01-088,HR,1,0,1,4980,Blue,Moona Hoshinova
2026,hBP09,白銀ノエル,Shirogane Noel,hBP02-014,C,0,0,1,30,White,Shirogane Noel
2027,hBP09,大神ミオ,Ookami Mio,hBP02-024,C,0,0,1,30,Green,Ookami Mio
2028,hBP09,大神ミオ,Ookami Mio,hBP02-024,HR,1,0,1,4980,Green,Ookami Mio
2029,hBP09,ネリッサ・レイヴンクロフト,Nerissa Ravencroft,hBP02-065,C,0,0,1,30,Purple,Nerissa Ravencroft
2030,hBP09,常闇トワ,Tokoyami Towa,hBP03-051,C,0,0,1,30,Purple,Tokoyami Towa
2031,hBP09,常闇トワ,Tokoyami Towa,hBP03-051,HR,1,0,1,6980,Purple,Tokoyami Towa
2032,hBP09,カエラ・コヴァルスキア,Kaela Kovalskia,hBP04-039,C,0,0,1,30,Red,Kaela Kovalskia
2033,hBP09,雪花ラミィ,Yukihana Lamy,hBP04-043,C,0,0,1,30,Blue,Yukihana Lamy
2034,hBP09,大空スバル,Oozora Subaru,hBP04-067,C,0,0,1,30,Yellow,Oozora Subaru
2035,hBP09,夏色まつり,Natsuiro Matsuri,hBP04-079,C,0,0,1,30,Yellow,Natsuiro Matsuri
2036,hBP09,夏色まつり,Natsuiro Matsuri,hBP04-079,HR,1,0,1,3480,Yellow,Natsuiro Matsuri
2037,hBP09,雪民,Yukimin,hBP04-106,U,0,0,1,50,Support,Yukihana Lamy
2038,hBP09,牛丼,Gyudon,hBP05-075,C,0,0,1,30,Support,Shirogane Noel
2039,hBP09,白エール,White Cheer,hY01-015,SY,1,0,1,1280,White,Vestia Zeta
2040,hBP09,緑エール,Green Cheer,hY02-013,SY,1,0,1,1780,Green,Ookami Mio
2041,hBP09,赤エール,Red Cheer,hY03-017,SY,1,0,1,1480,Red,Kaela Kovalskia
2042,hBP09,青エール,Blue Cheer,hY04-014,SY,1,0,1,1980,Blue,Ouro Kronii
2043,hBP09,紫エール,Purple Cheer,hY05-012,SY,1,0,1,1980,Purple,Nerissa Ravencroft
2044,hBP09,黄エール,Yellow Cheer,hY06-012,SY,1,0,1,2480,Yellow,Yukihana Lamy
2045,hEB01,ときのそら,Tokino Sora,hEB01-001,OSR,1,0,0,180,Red,Tokino Sora
2046,hEB01,ときのそら,Tokino Sora,hEB01-001,OUR,1,0,0,6980,Red,Tokino Sora
2047,hEB01,ときのそら,Tokino Sora,hEB01-001,SEC,1,1,0,39800,Red,Tokino Sora
2048,hEB01,宝鐘マリン,Houshou Marine,hEB01-002,OSR,1,0,0,280,Blue,Houshou Marine
2049,hEB01,宝鐘マリン,Houshou Marine,hEB01-002,OUR,1,0,0,12800,Blue,Houshou Marine
2050,hEB01,宝鐘マリン,Houshou Marine,hEB01-002,SEC,1,1,0,99800,Blue,Houshou Marine
2051,hEB01,博衣こより,Hakui Koyori,hEB01-003,OSR,1,0,0,180,Yellow,Hakui Koyori
2052,hEB01,博衣こより,Hakui Koyori,hEB01-003,OUR,1,0,0,9980,Yellow,Hakui Koyori
2053,hEB01,博衣こより,Hakui Koyori,hEB01-003,SEC,1,1,0,69800,Yellow,Hakui Koyori
2054,hEB01,ときのそら,Tokino Sora,hEB01-004,C,0,0,0,30,Red,Tokino Sora
2055,hEB01,ときのそら,Tokino Sora,hEB01-004,SR,1,0,0,180,Red,Tokino Sora
2056,hEB01,ときのそら,Tokino Sora,hEB01-005,U,0,0,0,30,Red,Tokino Sora
2057,hEB01,ときのそら,Tokino Sora,hEB01-005,SR,1,0,0,180,Red,Tokino Sora
2058,hEB01,ときのそら,Tokino Sora,hEB01-006,C,0,0,0,30,Red,Tokino Sora
2059,hEB01,ときのそら,Tokino Sora,hEB01-006,SR,1,0,0,180,Red,Tokino Sora
2060,hEB01,ときのそら,Tokino Sora,hEB01-007,U,0,0,0,30,Red,Tokino Sora
2061,hEB01,ときのそら,Tokino Sora,hEB01-007,SR,1,0,0,280,Red,Tokino Sora
2062,hEB01,ときのそら,Tokino Sora,hEB01-008,R,1,0,0,50,Red,Tokino Sora
2063,hEB01,ときのそら,Tokino Sora,hEB01-008,SR,1,0,0,180,Red,Tokino Sora
2064,hEB01,ときのそら,Tokino Sora,hEB01-009,R,1,0,0,50,Red,Tokino Sora
2065,hEB01,ときのそら,Tokino Sora,hEB01-009,SR,1,0,0,220,Red,Tokino Sora
2066,hEB01,ときのそら,Tokino Sora,hEB01-010,RR,1,0,0,80,Red,Tokino Sora
2067,hEB01,ときのそら,Tokino Sora,hEB01-010,SR,1,0,0,220,Red,Tokino Sora
2068,hEB01,ときのそら,Tokino Sora,hEB01-010,UR,1,0,0,5980,Red,Tokino Sora
2069,hEB01,宝鐘マリン,Houshou Marine,hEB01-011,C,0,0,0,30,Blue,Houshou Marine
2070,hEB01,宝鐘マリン,Houshou Marine,hEB01-011,SR,1,0,0,220,Blue,Houshou Marine
2071,hEB01,宝鐘マリン,Houshou Marine,hEB01-012,U,0,0,0,30,Blue,Houshou Marine
2072,hEB01,宝鐘マリン,Houshou Marine,hEB01-012,SR,1,0,0,280,Blue,Houshou Marine
2073,hEB01,宝鐘マリン,Houshou Marine,hEB01-013,C,0,0,0,30,Blue,Houshou Marine
2074,hEB01,宝鐘マリン,Houshou Marine,hEB01-013,SR,1,0,0,280,Blue,Houshou Marine
2075,hEB01,宝鐘マリン,Houshou Marine,hEB01-014,U,0,0,0,30,Blue,Houshou Marine
2076,hEB01,宝鐘マリン,Houshou Marine,hEB01-014,SR,1,0,0,280,Blue,Houshou Marine
2077,hEB01,宝鐘マリン,Houshou Marine,hEB01-015,R,1,0,0,80,Blue,Houshou Marine
2078,hEB01,宝鐘マリン,Houshou Marine,hEB01-015,SR,1,0,0,180,Blue,Houshou Marine
2079,hEB01,宝鐘マリン,Houshou Marine,hEB01-016,R,1,0,0,80,Blue,Houshou Marine
2080,hEB01,宝鐘マリン,Houshou Marine,hEB01-016,SR,1,0,0,180,Blue,Houshou Marine
2081,hEB01,宝鐘マリン,Houshou Marine,hEB01-017,RR,1,0,0,80,Blue,Houshou Marine
2082,hEB01,宝鐘マリン,Houshou Marine,hEB01-017,SR,1,0,0,420,Blue,Houshou Marine
2083,hEB01,宝鐘マリン,Houshou Marine,hEB01-017,UR,1,0,0,14800,Blue,Houshou Marine
2084,hEB01,博衣こより,Hakui Koyori,hEB01-018,C,0,0,0,30,Yellow,Hakui Koyori
2085,hEB01,博衣こより,Hakui Koyori,hEB01-018,SR,1,0,0,280,Yellow,Hakui Koyori
2086,hEB01,博衣こより,Hakui Koyori,hEB01-019,U,0,0,0,30,Yellow,Hakui Koyori
2087,hEB01,博衣こより,Hakui Koyori,hEB01-019,SR,1,0,0,280,Yellow,Hakui Koyori
2088,hEB01,博衣こより,Hakui Koyori,hEB01-020,C,0,0,0,30,Yellow,Hakui Koyori
2089,hEB01,博衣こより,Hakui Koyori,hEB01-020,SR,1,0,0,280,Yellow,Hakui Koyori
2090,hEB01,博衣こより,Hakui Koyori,hEB01-021,U,0,0,0,30,Yellow,Hakui Koyori
2091,hEB01,博衣こより,Hakui Koyori,hEB01-021,SR,1,0,0,180,Yellow,Hakui Koyori
2092,hEB01,博衣こより,Hakui Koyori,hEB01-022,R,1,0,0,80,Yellow,Hakui Koyori
2093,hEB01,博衣こより,Hakui Koyori,hEB01-022,SR,1,0,0,280,Yellow,Hakui Koyori
2094,hEB01,博衣こより,Hakui Koyori,hEB01-023,R,1,0,0,50,Yellow,Hakui Koyori
2095,hEB01,博衣こより,Hakui Koyori,hEB01-023,SR,1,0,0,280,Yellow,Hakui Koyori
2096,hEB01,博衣こより,Hakui Koyori,hEB01-024,RR,1,0,0,120,Yellow,Hakui Koyori
2097,hEB01,博衣こより,Hakui Koyori,hEB01-024,SR,1,0,0,320,Yellow,Hakui Koyori
2098,hEB01,博衣こより,Hakui Koyori,hEB01-024,UR,1,0,0,14800,Yellow,Hakui Koyori
2099,hEB01,サマーパソコン,Summer PC,hEB01-025,C,0,0,0,180,Support,Houshou Marine
2100,hEB01,クマリン,Kumarin,hEB01-026,U,0,0,0,50,Support,Houshou Marine
2101,hEB01,サマーライブ,Summer Live,hEB01-027,C,0,0,0,50,Support,"Houshou Marine, Usada Pekora"
2102,hEB01,スイカ割り,Watermelon Splitting,hEB01-028,C,0,0,0,30,Support,"Shirogane Noel, Oozora Subaru"
2103,hEB01,スプラッシュシュート,Splash Shoot,hEB01-029,C,0,0,0,30,Support,Nekomata Okayu
2104,hEB01,ホロライブ・サマー,hololive Summer,hEB01-030,U,0,0,0,120,Support,"Houshou Marine, Tokino Sora, Hakui Koyori"
2105,hEB01,水遊び,Water Play,hEB01-031,C,0,0,0,120,Support,Tokino Sora
2106,hEB01,STAR STAR☆T,STAR STAR☆T,hEB01-032,U,0,0,0,80,Support,Tokino Sora
2107,hEB01,ビーチボール,Beach Ball,hEB01-033,C,0,0,0,30,Support,Pavolia Reine
2108,hEB01,なんでも爆解！,Nandemo Bakkai!,hEB01-034,U,0,0,0,30,Support,Hakui Koyori
2109,hEB01,サブパソコン,Sub PC,hSD01-018,C,0,0,1,220,Support,
2110,hEB01,百鬼あやめ,Nakiri Ayame,hSD02-006,C,0,0,1,50,Red,Nakiri Ayame
2111,hEB01,百鬼あやめ,Nakiri Ayame,hSD02-006,SR,1,0,1,180,Red,Nakiri Ayame
2112,hEB01,百鬼あやめ,Nakiri Ayame,hSD02-007,U,0,0,1,80,Red,Nakiri Ayame
2113,hEB01,百鬼あやめ,Nakiri Ayame,hSD02-007,SR,1,0,1,180,Red,Nakiri Ayame
2114,hEB01,猫又おかゆ,Nekomata Okayu,hSD03-007,U,0,0,1,30,Blue,Nekomata Okayu
2115,hEB01,猫又おかゆ,Nekomata Okayu,hSD03-007,SR,1,0,1,180,Blue,Nekomata Okayu
2116,hEB01,癒月ちょこ,Yuzuki Choco,hSD04-007,U,0,0,1,30,Purple,Yuzuki Choco
2117,hEB01,癒月ちょこ,Yuzuki Choco,hSD04-007,SR,1,0,1,120,Purple,Yuzuki Choco
2118,hEB01,轟はじめ,Todoroki Hajime,hSD05-007,U,0,0,1,30,White,Todoroki Hajime
2119,hEB01,轟はじめ,Todoroki Hajime,hSD05-007,SR,1,0,1,120,White,Todoroki Hajime
2120,hEB01,風真いろは,Kazama Iroha,hSD06-005,C,0,0,1,80,Green,Kazama Iroha
2121,hEB01,風真いろは,Kazama Iroha,hSD06-005,SR,1,0,1,180,Green,Kazama Iroha
2122,hEB01,チャキ丸,Chakimaru,hSD06-011,C,0,0,1,80,Support,Kazama Iroha
2123,hEB01,角巻わため,Tsunomaki Watame,hSD08-007,C,0,0,1,80,Yellow,Tsunomaki Watame
2124,hEB01,角巻わため,Tsunomaki Watame,hSD08-007,SR,1,0,1,120,Yellow,Tsunomaki Watame
2125,hEB01,宝鐘マリン,Houshou Marine,hSD09-002,U,0,0,1,80,Red,Houshou Marine
2126,hEB01,宝鐘マリン,Houshou Marine,hSD09-002,SR,1,0,1,280,Red,Houshou Marine
2127,hEB01,ときのそら,Tokino Sora,hBP01-021,C,0,0,1,30,White,Tokino Sora
2128,hEB01,ときのそら,Tokino Sora,hBP01-021,HR,1,0,1,3480,White,Tokino Sora
2129,hEB01,ベスティア・ゼータ,Vestia Zeta,hBP01-026,U,0,0,1,30,White,Vestia Zeta
2130,hEB01,ベスティア・ゼータ,Vestia Zeta,hBP01-026,SR,1,0,1,120,White,Vestia Zeta
2131,hEB01,IRyS,IRyS,hBP01-031,R,1,0,1,50,White,IRyS
2132,hEB01,IRyS,IRyS,hBP01-031,SR,1,0,1,120,White,IRyS
2133,hEB01,兎田ぺこら,Usada Pekora,hBP01-039,U,0,0,1,30,Green,Usada Pekora
2134,hEB01,兎田ぺこら,Usada Pekora,hBP01-039,SR,1,0,1,120,Green,Usada Pekora
2135,hEB01,兎田ぺこら,Usada Pekora,hBP01-041,U,0,0,1,30,Green,Usada Pekora
2136,hEB01,兎田ぺこら,Usada Pekora,hBP01-041,SR,1,0,1,120,Green,Usada Pekora
2137,hEB01,風真いろは,Kazama Iroha,hBP01-050,U,0,0,1,50,Green,Kazama Iroha
2138,hEB01,風真いろは,Kazama Iroha,hBP01-050,SR,1,0,1,180,Green,Kazama Iroha
2139,hEB01,風真いろは,Kazama Iroha,hBP01-051,RR,1,0,1,80,Green,Kazama Iroha
2140,hEB01,風真いろは,Kazama Iroha,hBP01-051,SR,1,0,1,180,Green,Kazama Iroha
2141,hEB01,風真いろは,Kazama Iroha,hBP01-051,UR,1,0,1,3980,Green,Kazama Iroha
2142,hEB01,アイラニ・イオフィフティーン,Airani Iofifteen,hBP01-054,U,0,0,1,30,Green,Airani Iofifteen
2143,hEB01,アイラニ・イオフィフティーン,Airani Iofifteen,hBP01-054,SR,1,0,1,180,Green,Airani Iofifteen
2144,hEB01,アイラニ・イオフィフティーン,Airani Iofifteen,hBP01-055,R,1,0,1,50,Green,Airani Iofifteen
2145,hEB01,アイラニ・イオフィフティーン,Airani Iofifteen,hBP01-055,SR,1,0,1,120,Green,Airani Iofifteen
2146,hEB01,鷹嶺ルイ,Takane Lui,hBP01-060,U,0,0,1,30,Red,Takane Lui
2147,hEB01,鷹嶺ルイ,Takane Lui,hBP01-060,SR,1,0,1,120,Red,Takane Lui
2148,hEB01,鷹嶺ルイ,Takane Lui,hBP01-061,R,1,0,1,50,Red,Takane Lui
2149,hEB01,鷹嶺ルイ,Takane Lui,hBP01-061,SR,1,0,1,120,Red,Takane Lui
2150,hEB01,小鳥遊キアラ,Takanashi Kiara,hBP01-065,U,0,0,1,30,Red,Takanashi Kiara
2151,hEB01,小鳥遊キアラ,Takanashi Kiara,hBP01-065,SR,1,0,1,120,Red,Takanashi Kiara
2152,hEB01,小鳥遊キアラ,Takanashi Kiara,hBP01-067,RR,1,0,1,80,Red,Takanashi Kiara
2153,hEB01,小鳥遊キアラ,Takanashi Kiara,hBP01-067,SR,1,0,1,120,Red,Takanashi Kiara
2154,hEB01,小鳥遊キアラ,Takanashi Kiara,hBP01-067,UR,1,0,1,2480,Red,Takanashi Kiara
2155,hEB01,尾丸ポルカ,Omaru Polka,hBP01-070,U,0,0,1,50,Red,Omaru Polka
2156,hEB01,尾丸ポルカ,Omaru Polka,hBP01-070,SR,1,0,1,120,Red,Omaru Polka
2157,hEB01,ハコス・ベールズ,Hakos Baelz,hBP01-074,U,0,0,1,30,Red,Hakos Baelz
2158,hEB01,ハコス・ベールズ,Hakos Baelz,hBP01-074,SR,1,0,1,180,Red,Hakos Baelz
2159,hEB01,星街すいせい,Hoshimachi Suisei,hBP01-081,RR,1,0,1,80,Blue,Hoshimachi Suisei
2160,hEB01,星街すいせい,Hoshimachi Suisei,hBP01-081,SR,1,0,1,220,Blue,Hoshimachi Suisei
2161,hEB01,星街すいせい,Hoshimachi Suisei,hBP01-081,UR,1,0,1,5980,Blue,Hoshimachi Suisei
2162,hEB01,ムーナ・ホシノヴァ,Moona Hoshinova,hBP01-090,U,0,0,1,30,Blue,Moona Hoshinova
2163,hEB01,ムーナ・ホシノヴァ,Moona Hoshinova,hBP01-090,SR,1,0,1,120,Blue,Moona Hoshinova
2164,hEB01,オーロ・クロニー,Ouro Kronii,hBP01-094,U,0,0,1,80,Blue,Ouro Kronii
2165,hEB01,オーロ・クロニー,Ouro Kronii,hBP01-094,SR,1,0,1,180,Blue,Ouro Kronii
2166,hEB01,ふつうのパソコン,Normal PC,hBP01-104,C,0,0,1,420,Support,Tokino Sora
2167,hEB01,アンコール,Encore,hBP01-107,C,0,0,1,80,Support,
2168,hEB01,あん肝,Ankimo,hBP01-118,C,0,0,1,80,Support,Tokino Sora
2169,hEB01,白上フブキ,Shirakami Fubuki,hBP02-011,U,0,0,1,30,White,Shirakami Fubuki
2170,hEB01,白上フブキ,Shirakami Fubuki,hBP02-011,SR,1,0,1,180,White,Shirakami Fubuki
2171,hEB01,白銀ノエル,Shirogane Noel,hBP02-016,U,0,0,1,30,White,Shirogane Noel
2172,hEB01,白銀ノエル,Shirogane Noel,hBP02-016,SR,1,0,1,120,White,Shirogane Noel
2173,hEB01,白銀ノエル,Shirogane Noel,hBP02-017,RR,1,0,1,80,White,Shirogane Noel
2174,hEB01,白銀ノエル,Shirogane Noel,hBP02-017,SR,1,0,1,180,White,Shirogane Noel
2175,hEB01,白銀ノエル,Shirogane Noel,hBP02-017,UR,1,0,1,3480,White,Shirogane Noel
2176,hEB01,パヴォリア・レイネ,Pavolia Reine,hBP02-022,R,1,0,1,50,Green,Pavolia Reine
2177,hEB01,パヴォリア・レイネ,Pavolia Reine,hBP02-022,SR,1,0,1,120,Green,Pavolia Reine
2178,hEB01,パヴォリア・レイネ,Pavolia Reine,hBP02-023,RR,1,0,1,80,Green,Pavolia Reine
2179,hEB01,パヴォリア・レイネ,Pavolia Reine,hBP02-023,SR,1,0,1,180,Green,Pavolia Reine
2180,hEB01,パヴォリア・レイネ,Pavolia Reine,hBP02-023,UR,1,0,1,1480,Green,Pavolia Reine
2181,hEB01,大神ミオ,Ookami Mio,hBP02-026,U,0,0,1,50,Green,Ookami Mio
2182,hEB01,大神ミオ,Ookami Mio,hBP02-026,SR,1,0,1,120,Green,Ookami Mio
2183,hEB01,大神ミオ,Ookami Mio,hBP02-027,RR,1,0,1,80,Green,Ookami Mio
2184,hEB01,大神ミオ,Ookami Mio,hBP02-027,SR,1,0,1,180,Green,Ookami Mio
2185,hEB01,大神ミオ,Ookami Mio,hBP02-027,UR,1,0,1,2480,Green,Ookami Mio
2186,hEB01,宝鐘マリン,Houshou Marine,hBP02-028,C,0,0,1,30,Red,Houshou Marine
2187,hEB01,宝鐘マリン,Houshou Marine,hBP02-028,HR,1,0,1,4980,Red,Houshou Marine
2188,hEB01,宝鐘マリン,Houshou Marine,hBP02-033,RR,1,0,1,120,Red,Houshou Marine
2189,hEB01,宝鐘マリン,Houshou Marine,hBP02-033,SR,1,0,1,320,Red,Houshou Marine
2190,hEB01,宝鐘マリン,Houshou Marine,hBP02-033,UR,1,0,1,4980,Red,Houshou Marine
2191,hEB01,森カリオペ,Mori Calliope,hBP02-058,R,1,0,1,50,Purple,Mori Calliope
2192,hEB01,森カリオペ,Mori Calliope,hBP02-058,SR,1,0,1,120,Purple,Mori Calliope
2193,hEB01,森カリオペ,Mori Calliope,hBP02-059,RR,1,0,1,80,Purple,Mori Calliope
2194,hEB01,森カリオペ,Mori Calliope,hBP02-059,SR,1,0,1,120,Purple,Mori Calliope
2195,hEB01,森カリオペ,Mori Calliope,hBP02-059,UR,1,0,1,1980,Purple,Mori Calliope
2196,hEB01,ネリッサ・レイヴンクロフト,Nerissa Ravencroft,hBP02-067,U,0,0,1,30,Purple,Nerissa Ravencroft
2197,hEB01,ネリッサ・レイヴンクロフト,Nerissa Ravencroft,hBP02-067,SR,1,0,1,120,Purple,Nerissa Ravencroft
2198,hEB01,爆発の魔法,Explosion Magic,hBP02-079,U,0,0,1,80,Support,Murasaki Shion
2199,hEB01,ドクロくん,Dokuro-kun,hBP02-095,C,0,0,1,30,Support,Houshou Marine
2200,hEB01,兎田ぺこら,Usada Pekora,hBP03-023,R,1,0,1,50,Green,Usada Pekora
2201,hEB01,兎田ぺこら,Usada Pekora,hBP03-023,SR,1,0,1,180,Green,Usada Pekora
2202,hEB01,さくらみこ,Sakura Miko,hBP03-029,R,1,0,1,50,Red,Sakura Miko
2203,hEB01,さくらみこ,Sakura Miko,hBP03-029,SR,1,0,1,120,Red,Sakura Miko
2204,hEB01,赤井はあと,Akai Haato,hBP03-034,RR,1,0,1,80,Red,Akai Haato
2205,hEB01,赤井はあと,Akai Haato,hBP03-034,SR,1,0,1,180,Red,Akai Haato
2206,hEB01,赤井はあと,Akai Haato,hBP03-034,UR,1,0,1,2480,Red,Akai Haato
2207,hEB01,小鳥遊キアラ,Takanashi Kiara,hBP03-036,R,1,0,1,50,Red,Takanashi Kiara
2208,hEB01,小鳥遊キアラ,Takanashi Kiara,hBP03-036,SR,1,0,1,120,Red,Takanashi Kiara
2209,hEB01,星街すいせい,Hoshimachi Suisei,hBP03-044,R,1,0,1,80,Blue,Hoshimachi Suisei
2210,hEB01,星街すいせい,Hoshimachi Suisei,hBP03-044,SR,1,0,1,180,Blue,Hoshimachi Suisei
2211,hEB01,フワモコ,FUWAMOCO,hBP03-050,R,1,0,1,50,"Blue,Red","Fuwawa Abyssgard, Mococo Abyssgard"
2212,hEB01,フワモコ,FUWAMOCO,hBP03-050,SR,1,0,1,280,"Blue,Red","Fuwawa Abyssgard, Mococo Abyssgard"
2213,hEB01,ロボ子さん,Roboco-san,hBP03-059,U,0,0,1,30,Purple,Roboco-san
2214,hEB01,ロボ子さん,Roboco-san,hBP03-059,SR,1,0,1,120,Purple,Roboco-san
2215,hEB01,ロボ子さん,Roboco-san,hBP03-060,R,1,0,1,50,Purple,Roboco-san
2216,hEB01,ロボ子さん,Roboco-san,hBP03-060,SR,1,0,1,120,Purple,Roboco-san
2217,hEB01,戌神ころね,Inugami Korone,hBP03-065,R,1,0,1,50,Yellow,Inugami Korone
2218,hEB01,戌神ころね,Inugami Korone,hBP03-065,SR,1,0,1,120,Yellow,Inugami Korone
2219,hEB01,角巻わため,Tsunomaki Watame,hBP03-070,U,0,0,1,30,Yellow,Tsunomaki Watame
2220,hEB01,角巻わため,Tsunomaki Watame,hBP03-070,SR,1,0,1,180,Yellow,Tsunomaki Watame
2221,hEB01,凸待ち,Totsumachi,hBP03-088,U,0,0,1,220,Support,"Tokoyami Towa, La+ Darknesss"
2222,hEB01,博衣こより,Hakui Koyori,hBP04-008,C,0,0,1,30,White,Hakui Koyori
2223,hEB01,博衣こより,Hakui Koyori,hBP04-008,HR,1,0,1,4980,White,Hakui Koyori
2224,hEB01,博衣こより,Hakui Koyori,hBP04-012,R,1,0,1,80,White,Hakui Koyori
2225,hEB01,博衣こより,Hakui Koyori,hBP04-012,SR,1,0,1,280,White,Hakui Koyori
2226,hEB01,雪花ラミィ,Yukihana Lamy,hBP04-047,R,1,0,1,50,Blue,Yukihana Lamy
2227,hEB01,雪花ラミィ,Yukihana Lamy,hBP04-047,SR,1,0,1,120,Blue,Yukihana Lamy
2228,hEB01,大空スバル,Oozora Subaru,hBP04-071,R,1,0,1,50,Yellow,Oozora Subaru
2229,hEB01,大空スバル,Oozora Subaru,hBP04-071,SR,1,0,1,120,Yellow,Oozora Subaru
2230,hEB01,大空スバル,Oozora Subaru,hBP04-072,RR,1,0,1,80,Yellow,Oozora Subaru
2231,hEB01,大空スバル,Oozora Subaru,hBP04-072,SR,1,0,1,120,Yellow,Oozora Subaru
2232,hEB01,大空スバル,Oozora Subaru,hBP04-072,UR,1,0,1,3980,Yellow,Oozora Subaru
2233,hEB01,桃鈴ねね,Momosuzu Nene,hBP04-085,U,0,0,1,50,Yellow,Momosuzu Nene
2234,hEB01,桃鈴ねね,Momosuzu Nene,hBP04-085,SR,1,0,1,120,Yellow,Momosuzu Nene
2235,hEB01,こよりの助手くん,Koyori's Assistant,hBP04-105,U,0,0,1,50,Support,Hakui Koyori
2236,hEB01,兎田ぺこら,Usada Pekora,hBP05-016,RR,1,0,1,80,White,Usada Pekora
2237,hEB01,兎田ぺこら,Usada Pekora,hBP05-016,SR,1,0,1,180,White,Usada Pekora
2238,hEB01,兎田ぺこら,Usada Pekora,hBP05-016,UR,1,0,1,3980,White,Usada Pekora
2239,hEB01,猫又おかゆ,Nekomata Okayu,hBP05-045,RR,1,0,1,80,Blue,Nekomata Okayu
2240,hEB01,猫又おかゆ,Nekomata Okayu,hBP05-045,SR,1,0,1,180,Blue,Nekomata Okayu
2241,hEB01,猫又おかゆ,Nekomata Okayu,hBP05-045,UR,1,0,1,3980,Blue,Nekomata Okayu
2242,hEB01,ネリッサ・レイヴンクロフト,Nerissa Ravencroft,hBP05-060,R,1,0,1,50,Purple,Nerissa Ravencroft
2243,hEB01,ネリッサ・レイヴンクロフト,Nerissa Ravencroft,hBP05-060,SR,1,0,1,120,Purple,Nerissa Ravencroft
2244,hEB01,フレンドリーパソコン,Friendly PC,hBP05-074,C,0,0,1,280,Support,"Mori Calliope, Takanashi Kiara"
2245,hEB01,SorAZセレブレーション,SorAZ Celebration,hBP05-080,U,0,0,1,580,Support,"Tokino Sora, AZKi"
2246,hEB01,SorAZセレブレーション,SorAZ Celebration,hBP05-080,SR,1,0,1,1280,Support,"Tokino Sora, AZKi"
2247,hEB01,白エール,White Cheer,hY01-001,S,1,0,1,120,White,
2248,hEB01,白エール,White Cheer,hY01-014,SY,1,0,1,1280,White,IRyS
2249,hEB01,緑エール,Green Cheer,hY02-001,S,1,0,1,120,Green,
2250,hEB01,緑エール,Green Cheer,hY02-012,SY,1,0,1,980,Green,Pavolia Reine
2251,hEB01,赤エール,Red Cheer,hY03-001,S,1,0,1,120,Red,
2252,hEB01,赤エール,Red Cheer,hY03-016,SY,1,0,1,980,Red,Takanashi Kiara
2253,hEB01,青エール,Blue Cheer,hY04-001,S,1,0,1,120,Blue,
2254,hEB01,青エール,Blue Cheer,hY04-013,SY,1,0,1,3480,Blue,Mizumiya Su
2255,hEB01,紫エール,Purple Cheer,hY05-001,S,1,0,1,120,Purple,
2256,hEB01,紫エール,Purple Cheer,hY05-011,SY,1,0,1,3480,Purple,Kikirara Vivi
2257,hEB01,黄エール,Yellow Cheer,hY06-001,S,1,0,1,120,Yellow,
2258,hEB01,黄エール,Yellow Cheer,hY06-011,SY,1,0,1,2480,Yellow,Inugami Korone
